UNIT_STATUS,LATITUDE,LONGITUDE,UTC_TIME,INCIDENT_NBR,UNIT_NAME
ENR,34.161175,-118.500633,26-FEB-18 02.23.09.000000 PM UTC,201802260217,E83
ENR,34.161163,-118.500618,26-FEB-18 02.23.16.000000 PM UTC,201802260217,E83
ENR,34.161201,-118.500618,26-FEB-18 02.23.47.000000 PM UTC,201802260217,E83
ENR,34.161194,-118.500694,26-FEB-18 02.24.18.000000 PM UTC,201802260217,E83
ENR,34.161182,-118.500694,26-FEB-18 02.24.49.000000 PM UTC,201802260217,E83
ENR,34.161175,-118.501045,26-FEB-18 02.25.20.000000 PM UTC,201802260217,E83
ENR,34.165184,-118.501083,26-FEB-18 02.25.51.000000 PM UTC,201802260217,E83
ENR,34.171326,-118.501083,26-FEB-18 02.26.22.000000 PM UTC,201802260217,E83
ENR,34.171082,-118.498543,26-FEB-18 02.26.53.000000 PM UTC,201802260217,E83
ENR,34.167522,-118.488548,26-FEB-18 02.27.55.000000 PM UTC,201802260217,E83
ENR,34.168758,-118.483482,26-FEB-18 02.28.26.000000 PM UTC,201802260217,E83
ENR,34.169449,-118.480659,26-FEB-18 02.28.48.000000 PM UTC,201802260217,E83
ONS,34.169449,-118.480659,26-FEB-18 02.28.48.000000 PM UTC,201802260217,E83
ONS,34.169525,-118.480415,26-FEB-18 02.38.27.000000 PM UTC,201802260217,E83
ONS,34.169518,-118.480400,26-FEB-18 02.48.28.000000 PM UTC,201802260217,E83
ONS,34.169514,-118.480492,26-FEB-18 02.58.29.000000 PM UTC,201802260217,E83
ONS,34.164440,-118.492470,26-FEB-18 03.08.30.000000 PM UTC,201802260217,E83
ONS,34.161083,-118.500450,26-FEB-18 03.17.53.000000 PM UTC,201802260217,E83
ENR,34.161049,-118.500687,26-FEB-18 05.59.27.000000 PM UTC,201802260475,E83
ENR,34.161060,-118.500725,26-FEB-18 05.59.48.000000 PM UTC,201802260475,E83
ENR,34.161083,-118.500748,26-FEB-18 06.00.19.000000 PM UTC,201802260475,E83
ENR,34.160961,-118.500786,26-FEB-18 06.00.50.000000 PM UTC,201802260475,E83
ENR,34.161034,-118.500702,26-FEB-18 06.01.21.000000 PM UTC,201802260475,E83
ENR,34.160828,-118.501114,26-FEB-18 06.01.52.000000 PM UTC,201802260475,E83
ENR,34.158867,-118.499512,26-FEB-18 06.02.23.000000 PM UTC,201802260475,E83
ENR,34.157768,-118.494324,26-FEB-18 06.02.54.000000 PM UTC,201802260475,E83
ENR,34.155502,-118.492340,26-FEB-18 06.03.25.000000 PM UTC,201802260475,E83
ENR,34.151241,-118.492905,26-FEB-18 06.03.56.000000 PM UTC,201802260475,E83
ENR,34.149292,-118.494873,26-FEB-18 06.04.27.000000 PM UTC,201802260475,E83
ENR,34.146816,-118.497849,26-FEB-18 06.04.58.000000 PM UTC,201802260475,E83
ENR,34.146301,-118.501282,26-FEB-18 06.05.29.000000 PM UTC,201802260475,E83
ENR,34.144367,-118.501488,26-FEB-18 06.06.01.000000 PM UTC,201802260475,E83
ENR,34.144661,-118.503944,26-FEB-18 06.06.28.000000 PM UTC,201802260475,E83
ONS,34.144661,-118.503944,26-FEB-18 06.06.28.000000 PM UTC,201802260475,E83
ONS,34.144527,-118.504044,26-FEB-18 06.16.02.000000 PM UTC,201802260475,E83
ONS,34.144394,-118.501678,26-FEB-18 06.18.20.000000 PM UTC,201802260475,E83
ENR,34.161118,-118.500694,26-FEB-18 06.54.43.000000 PM UTC,201802260564,E83
ENR,34.161121,-118.500725,26-FEB-18 06.54.56.000000 PM UTC,201802260564,E83
ENR,34.161114,-118.500732,26-FEB-18 06.55.27.000000 PM UTC,201802260564,E83
ENR,34.161232,-118.500748,26-FEB-18 06.56.29.000000 PM UTC,201802260564,E83
ENR,34.161251,-118.500763,26-FEB-18 06.57.00.000000 PM UTC,201802260564,E83
ENR,34.161194,-118.500755,26-FEB-18 06.57.31.000000 PM UTC,201802260564,E83
ENR,34.161804,-118.501060,26-FEB-18 06.58.02.000000 PM UTC,201802260564,E83
ENR,34.167061,-118.501053,26-FEB-18 06.58.33.000000 PM UTC,201802260564,E83
ENR,34.172142,-118.500999,26-FEB-18 06.59.04.000000 PM UTC,201802260564,E83
ENR,34.177280,-118.501083,26-FEB-18 06.59.35.000000 PM UTC,201802260564,E83
ENR,34.181828,-118.500954,26-FEB-18 07.00.06.000000 PM UTC,201802260564,E83
ENR,34.181278,-118.499344,26-FEB-18 07.00.37.000000 PM UTC,201802260564,E83
ENR,34.180508,-118.497688,26-FEB-18 07.01.08.000000 PM UTC,201802260564,E83
ENR,34.180141,-118.496933,26-FEB-18 07.01.28.000000 PM UTC,201802260564,E83
ONS,34.180141,-118.496933,26-FEB-18 07.01.28.000000 PM UTC,201802260564,E83
ONS,34.180088,-118.496956,26-FEB-18 07.11.09.000000 PM UTC,201802260564,E83
ONS,34.180538,-118.497894,26-FEB-18 07.13.01.000000 PM UTC,201802260564,E83
ENR,34.181507,-118.500259,26-FEB-18 07.13.32.000000 PM UTC,201802260606,E83
ENR,34.181587,-118.500397,26-FEB-18 07.13.34.000000 PM UTC,201802260606,E83
ENR,34.179623,-118.501266,26-FEB-18 07.14.05.000000 PM UTC,201802260606,E83
ENR,34.173737,-118.501091,26-FEB-18 07.14.36.000000 PM UTC,201802260606,E83
ENR,34.172207,-118.503410,26-FEB-18 07.15.07.000000 PM UTC,201802260606,E83
ENR,34.172241,-118.511063,26-FEB-18 07.15.38.000000 PM UTC,201802260606,E83
ENR,34.172211,-118.518471,26-FEB-18 07.16.09.000000 PM UTC,201802260606,E83
ENR,34.168610,-118.518478,26-FEB-18 07.16.40.000000 PM UTC,201802260606,E83
ENR,34.161048,-118.500588,26-FEB-18 07.16.40.000000 PM UTC,201802260606,E83
ONS,34.161048,-118.500588,26-FEB-18 07.16.40.000000 PM UTC,201802260606,E83
ONS,34.158710,-118.498840,26-FEB-18 07.26.41.000000 PM UTC,201802260606,E83
ONS,34.161102,-118.500267,26-FEB-18 07.28.06.000000 PM UTC,201802260606,E83
ENR,34.161236,-118.500778,27-FEB-18 12.24.14.000000 AM UTC,201802261065,E83
ENR,34.161243,-118.500778,27-FEB-18 12.24.16.000000 AM UTC,201802261065,E83
ENR,34.161274,-118.500771,27-FEB-18 12.24.47.000000 AM UTC,201802261065,E83
ENR,34.161232,-118.500748,27-FEB-18 12.25.18.000000 AM UTC,201802261065,E83
ENR,34.161186,-118.500732,27-FEB-18 12.25.49.000000 AM UTC,201802261065,E83
ENR,34.161110,-118.500916,27-FEB-18 12.26.21.000000 AM UTC,201802261065,E83
ENR,34.164188,-118.501099,27-FEB-18 12.26.52.000000 AM UTC,201802261065,E83
ENR,34.168785,-118.501038,27-FEB-18 12.27.23.000000 AM UTC,201802261065,E83
ENR,34.172215,-118.501122,27-FEB-18 12.27.54.000000 AM UTC,201802261065,E83
ENR,34.172298,-118.506134,27-FEB-18 12.28.25.000000 AM UTC,201802261065,E83
ENR,34.174038,-118.507607,27-FEB-18 12.28.56.000000 AM UTC,201802261065,E83
ENR,34.174351,-118.506760,27-FEB-18 12.29.12.000000 AM UTC,201802261065,E83
ONS,34.174351,-118.506760,27-FEB-18 12.29.12.000000 AM UTC,201802261065,E83
ONS,34.174522,-118.506752,27-FEB-18 12.38.57.000000 AM UTC,201802261065,E83
ONS,34.174435,-118.506760,27-FEB-18 12.48.58.000000 AM UTC,201802261065,E83
ONS,34.174431,-118.506775,27-FEB-18 12.58.59.000000 AM UTC,201802261065,E83
ONS,34.174187,-118.506927,27-FEB-18 01.05.13.000000 AM UTC,201802261065,E83
ENR,34.172215,-118.506401,27-FEB-18 01.06.56.000000 AM UTC,201802261131,E83
ENR,34.172218,-118.506088,27-FEB-18 01.06.58.000000 AM UTC,201802261131,E83
ENR,34.172249,-118.506744,27-FEB-18 01.07.29.000000 AM UTC,201802261131,E83
ENR,34.172276,-118.512283,27-FEB-18 01.08.00.000000 AM UTC,201802261131,E83
ENR,34.172276,-118.517792,27-FEB-18 01.08.31.000000 AM UTC,201802261131,E83
ENR,34.170872,-118.518631,27-FEB-18 01.09.02.000000 AM UTC,201802261131,E83
ENR,34.166580,-118.518631,27-FEB-18 01.09.33.000000 AM UTC,201802261131,E83
ENR,34.162563,-118.519035,27-FEB-18 01.10.04.000000 AM UTC,201802261131,E83
ENR,34.163147,-118.520744,27-FEB-18 01.10.35.000000 AM UTC,201802261131,E83
ENR,34.163151,-118.520744,27-FEB-18 01.10.38.000000 AM UTC,201802261131,E83
ONS,34.163151,-118.520744,27-FEB-18 01.10.38.000000 AM UTC,201802261131,E83
ONS,34.163025,-118.520721,27-FEB-18 01.12.29.000000 AM UTC,201802261131,E83
ENR,34.161114,-118.500687,27-FEB-18 02.02.12.000000 AM UTC,201802261222,E83
ENR,34.161114,-118.500687,27-FEB-18 02.02.14.000000 AM UTC,201802261222,E83
ENR,34.161160,-118.500801,27-FEB-18 02.02.46.000000 AM UTC,201802261222,E83
ENR,34.159515,-118.501175,27-FEB-18 02.03.17.000000 AM UTC,201802261222,E83
ENR,34.160110,-118.504974,27-FEB-18 02.03.48.000000 AM UTC,201802261222,E83
ENR,34.160919,-118.510506,27-FEB-18 02.04.19.000000 AM UTC,201802261222,E83
ENR,34.161678,-118.515671,27-FEB-18 02.04.50.000000 AM UTC,201802261222,E83
ENR,34.162708,-118.519440,27-FEB-18 02.05.21.000000 AM UTC,201802261222,E83
ENR,34.163704,-118.522179,27-FEB-18 02.05.52.000000 AM UTC,201802261222,E83
ENR,34.163055,-118.521828,27-FEB-18 02.06.23.000000 AM UTC,201802261222,E83
ENR,34.162952,-118.521118,27-FEB-18 02.06.54.000000 AM UTC,201802261222,E83
ENR,34.163132,-118.520691,27-FEB-18 02.07.18.000000 AM UTC,201802261222,E83
ONS,34.163132,-118.520691,27-FEB-18 02.07.18.000000 AM UTC,201802261222,E83
ONS,34.163116,-118.520691,27-FEB-18 02.16.56.000000 AM UTC,201802261222,E83
ONS,34.163185,-118.520844,27-FEB-18 02.26.57.000000 AM UTC,201802261222,E83
ONS,34.161613,-118.515228,27-FEB-18 02.32.28.000000 AM UTC,201802261222,E83
ENR,34.161156,-118.500656,27-FEB-18 03.05.06.000000 AM UTC,201802261302,E83
ENR,34.161148,-118.500656,27-FEB-18 03.05.09.000000 AM UTC,201802261302,E83
ENR,34.161175,-118.500664,27-FEB-18 03.05.40.000000 AM UTC,201802261302,E83
ENR,34.158970,-118.500137,27-FEB-18 03.06.42.000000 AM UTC,201802261302,E83
ENR,34.158001,-118.495911,27-FEB-18 03.07.13.000000 AM UTC,201802261302,E83
ENR,34.157967,-118.495605,27-FEB-18 03.07.33.000000 AM UTC,201802261302,E83
ONS,34.157967,-118.495605,27-FEB-18 03.07.33.000000 AM UTC,201802261302,E83
ONS,34.157871,-118.495682,27-FEB-18 03.17.14.000000 AM UTC,201802261302,E83
ONS,34.161095,-118.500519,27-FEB-18 03.23.20.000000 AM UTC,201802261302,E83
ENR,34.160957,-118.500771,27-FEB-18 03.59.29.000000 AM UTC,201802261361,E83
ENR,34.160999,-118.500763,27-FEB-18 03.59.48.000000 AM UTC,201802261361,E83
ENR,34.161091,-118.500771,27-FEB-18 04.00.19.000000 AM UTC,201802261361,E83
ENR,34.161114,-118.500809,27-FEB-18 04.00.50.000000 AM UTC,201802261361,E83
ENR,34.160999,-118.501175,27-FEB-18 04.01.21.000000 AM UTC,201802261361,E83
ENR,34.160973,-118.501190,27-FEB-18 04.01.23.000000 AM UTC,201802261361,E83
ONS,34.160973,-118.501190,27-FEB-18 04.01.23.000000 AM UTC,201802261361,E83
ONS,34.161156,-118.501198,27-FEB-18 04.04.17.000000 AM UTC,201802261361,E83
ENR,34.161022,-118.500778,27-FEB-18 04.27.32.000000 AM UTC,201802261393,E83
ENR,34.161072,-118.500786,27-FEB-18 04.27.44.000000 AM UTC,201802261393,E83
ENR,34.160988,-118.500694,27-FEB-18 04.28.15.000000 AM UTC,201802261393,E83
ENR,34.161098,-118.500854,27-FEB-18 04.28.46.000000 AM UTC,201802261393,E83
ENR,34.161133,-118.500923,27-FEB-18 04.29.17.000000 AM UTC,201802261393,E83
ENR,34.161770,-118.502350,27-FEB-18 04.29.48.000000 AM UTC,201802261393,E83
ENR,34.161518,-118.503334,27-FEB-18 04.30.08.000000 AM UTC,201802261393,E83
ONS,34.161518,-118.503334,27-FEB-18 04.30.08.000000 AM UTC,201802261393,E83
ONS,34.161114,-118.503281,27-FEB-18 04.40.01.000000 AM UTC,201802261393,E83
ENR,34.157776,-118.493492,27-FEB-18 07.40.13.000000 PM UTC,201802270616,E83
ENR,34.157764,-118.493500,27-FEB-18 07.40.33.000000 PM UTC,201802270616,E83
ENR,34.157768,-118.493500,27-FEB-18 07.41.04.000000 PM UTC,201802270616,E83
ENR,34.157772,-118.493469,27-FEB-18 07.41.35.000000 PM UTC,201802270616,E83
ENR,34.157936,-118.495224,27-FEB-18 07.42.06.000000 PM UTC,201802270616,E83
ENR,34.159054,-118.500412,27-FEB-18 07.42.36.000000 PM UTC,201802270616,E83
ENR,34.160255,-118.505592,27-FEB-18 07.43.08.000000 PM UTC,201802270616,E83
ENR,34.161011,-118.510857,27-FEB-18 07.43.39.000000 PM UTC,201802270616,E83
ENR,34.162102,-118.517357,27-FEB-18 07.44.10.000000 PM UTC,201802270616,E83
ENR,34.163120,-118.520340,27-FEB-18 07.44.41.000000 PM UTC,201802270616,E83
ENR,34.163410,-118.520325,27-FEB-18 07.44.47.000000 PM UTC,201802270616,E83
ONS,34.163410,-118.520325,27-FEB-18 07.44.47.000000 PM UTC,201802270616,E83
ONS,34.162670,-118.518570,27-FEB-18 07.46.23.000000 PM UTC,201802270616,E83
ENR,34.161072,-118.500740,27-FEB-18 09.04.58.000000 PM UTC,201802270744,E83
ENR,34.161072,-118.500732,27-FEB-18 09.05.02.000000 PM UTC,201802270744,E83
ENR,34.161030,-118.500809,27-FEB-18 09.05.33.000000 PM UTC,201802270744,E83
ENR,34.160568,-118.501144,27-FEB-18 09.06.04.000000 PM UTC,201802270744,E83
ENR,34.159687,-118.502792,27-FEB-18 09.06.35.000000 PM UTC,201802270744,E83
ENR,34.160400,-118.506233,27-FEB-18 09.06.56.000000 PM UTC,201802270744,E83
ONS,34.160400,-118.506233,27-FEB-18 09.06.56.000000 PM UTC,201802270744,E83
ONS,34.160583,-118.507378,27-FEB-18 09.07.04.000000 PM UTC,201802270744,E83
ENR,34.161217,-118.500694,27-FEB-18 11.00.01.000000 PM UTC,201802270925,E83
ENR,34.161083,-118.500778,27-FEB-18 11.00.34.000000 PM UTC,201802270925,E83
ENR,34.159340,-118.501251,27-FEB-18 11.01.05.000000 PM UTC,201802270925,E83
ENR,34.160332,-118.505875,27-FEB-18 11.01.36.000000 PM UTC,201802270925,E83
ENR,34.160923,-118.509773,27-FEB-18 11.02.07.000000 PM UTC,201802270925,E83
ENR,34.160992,-118.510193,27-FEB-18 11.02.18.000000 PM UTC,201802270925,E83
ONS,34.160992,-118.510193,27-FEB-18 11.02.18.000000 PM UTC,201802270925,E83
ONS,34.160992,-118.510139,27-FEB-18 11.12.08.000000 PM UTC,201802270925,E83
ONS,34.170624,-118.531342,27-FEB-18 11.22.09.000000 PM UTC,201802270925,E83
ONS,34.171440,-118.531609,27-FEB-18 11.30.48.000000 PM UTC,201802270925,E83
ENR,34.161057,-118.500671,28-FEB-18 04.45.17.000000 AM UTC,201802271361,E83
ENR,34.161049,-118.500656,28-FEB-18 04.45.19.000000 AM UTC,201802271361,E83
ENR,34.161079,-118.500740,28-FEB-18 04.45.50.000000 AM UTC,201802271361,E83
ENR,34.161102,-118.500778,28-FEB-18 04.46.21.000000 AM UTC,201802271361,E83
ENR,34.161076,-118.500870,28-FEB-18 04.46.52.000000 AM UTC,201802271361,E83
ENR,34.159367,-118.501556,28-FEB-18 04.47.23.000000 AM UTC,201802271361,E83
ENR,34.160503,-118.507256,28-FEB-18 04.47.54.000000 AM UTC,201802271361,E83
ENR,34.161598,-118.514832,28-FEB-18 04.48.25.000000 AM UTC,201802271361,E83
ENR,34.163467,-118.521759,28-FEB-18 04.48.56.000000 AM UTC,201802271361,E83
ENR,34.166355,-118.522064,28-FEB-18 04.49.27.000000 AM UTC,201802271361,E83
ENR,34.168274,-118.522064,28-FEB-18 04.49.58.000000 AM UTC,201802271361,E83
ENR,34.168266,-118.522064,28-FEB-18 04.50.03.000000 AM UTC,201802271361,E83
ONS,34.168266,-118.522064,28-FEB-18 04.50.03.000000 AM UTC,201802271361,E83
ONS,34.168240,-118.522049,28-FEB-18 05.10.00.000000 AM UTC,201802271361,E83
ONS,34.168217,-118.521996,28-FEB-18 05.20.01.000000 AM UTC,201802271361,E83
ONS,34.169769,-118.501068,28-FEB-18 05.28.48.000000 AM UTC,201802271361,E83
ENR,34.161171,-118.500694,28-FEB-18 08.44.45.000000 AM UTC,201802280028,E83
ENR,34.161171,-118.500702,28-FEB-18 08.44.47.000000 AM UTC,201802280028,E83
ENR,34.161167,-118.500710,28-FEB-18 08.45.18.000000 AM UTC,201802280028,E83
ENR,34.161137,-118.500725,28-FEB-18 08.45.49.000000 AM UTC,201802280028,E83
ENR,34.161114,-118.500755,28-FEB-18 08.46.20.000000 AM UTC,201802280028,E83
ENR,34.159664,-118.501137,28-FEB-18 08.46.51.000000 AM UTC,201802280028,E83
ENR,34.161160,-118.511688,28-FEB-18 08.47.53.000000 AM UTC,201802280028,E83
ENR,34.162426,-118.518417,28-FEB-18 08.48.24.000000 AM UTC,201802280028,E83
ENR,34.166752,-118.518578,28-FEB-18 08.48.55.000000 AM UTC,201802280028,E83
ENR,34.169846,-118.518478,28-FEB-18 08.49.26.000000 AM UTC,201802280028,E83
ENR,34.161048,-118.500588,28-FEB-18 08.49.26.000000 AM UTC,201802280028,E83
ONS,34.161048,-118.500588,28-FEB-18 08.49.26.000000 AM UTC,201802280028,E83
ONS,34.169746,-118.518425,28-FEB-18 08.59.27.000000 AM UTC,201802280028,E83
ONS,34.170406,-118.501862,28-FEB-18 09.12.31.000000 AM UTC,201802280028,E83
ENR,34.161251,-118.500694,28-FEB-18 12.29.37.000000 PM UTC,201802280144,E83
ENR,34.161255,-118.500694,28-FEB-18 12.29.39.000000 PM UTC,201802280144,E83
ENR,34.161255,-118.500710,28-FEB-18 12.30.10.000000 PM UTC,201802280144,E83
ENR,34.161198,-118.500748,28-FEB-18 12.30.41.000000 PM UTC,201802280144,E83
ENR,34.162712,-118.501091,28-FEB-18 12.31.12.000000 PM UTC,201802280144,E83
ENR,34.168762,-118.501091,28-FEB-18 12.31.43.000000 PM UTC,201802280144,E83
ENR,34.171341,-118.502777,28-FEB-18 12.32.14.000000 PM UTC,201802280144,E83
ENR,34.171356,-118.506721,28-FEB-18 12.32.45.000000 PM UTC,201802280144,E83
ENR,34.171322,-118.514778,28-FEB-18 12.33.16.000000 PM UTC,201802280144,E83
ENR,34.171322,-118.523888,28-FEB-18 12.33.47.000000 PM UTC,201802280144,E83
ENR,34.172382,-118.532707,28-FEB-18 12.34.18.000000 PM UTC,201802280144,E83
ENR,34.173653,-118.535904,28-FEB-18 12.34.49.000000 PM UTC,201802280144,E83
ENR,34.173649,-118.535843,28-FEB-18 12.35.01.000000 PM UTC,201802280144,E83
ONS,34.173649,-118.535843,28-FEB-18 12.35.01.000000 PM UTC,201802280144,E83
ONS,34.171001,-118.502274,28-FEB-18 12.44.50.000000 PM UTC,201802280144,E83
ONS,34.172073,-118.518539,28-FEB-18 12.46.26.000000 PM UTC,201802280144,E83
ENR,34.161121,-118.500465,28-FEB-18 02.33.41.000000 PM UTC,201802280230,E83
ENR,34.161121,-118.500587,28-FEB-18 02.34.29.000000 PM UTC,201802280230,E83
ENR,34.161091,-118.500740,28-FEB-18 02.35.00.000000 PM UTC,201802280230,E83
ENR,34.161144,-118.500710,28-FEB-18 02.35.31.000000 PM UTC,201802280230,E83
ENR,34.159901,-118.501060,28-FEB-18 02.36.02.000000 PM UTC,201802280230,E83
ENR,34.158665,-118.499420,28-FEB-18 02.36.33.000000 PM UTC,201802280230,E83
ENR,34.157284,-118.499939,28-FEB-18 02.37.04.000000 PM UTC,201802280230,E83
ENR,34.157257,-118.500694,28-FEB-18 02.37.35.000000 PM UTC,201802280230,E83
ENR,34.157253,-118.500633,28-FEB-18 02.38.06.000000 PM UTC,201802280230,E83
ENR,34.157349,-118.500664,28-FEB-18 02.39.39.000000 PM UTC,201802280230,E83
ENR,34.157425,-118.500687,28-FEB-18 02.40.10.000000 PM UTC,201802280230,E83
ENR,34.157398,-118.500671,28-FEB-18 02.40.41.000000 PM UTC,201802280230,E83
ENR,34.157387,-118.500648,28-FEB-18 02.41.12.000000 PM UTC,201802280230,E83
ENR,34.157375,-118.500580,28-FEB-18 02.41.43.000000 PM UTC,201802280230,E83
ENR,34.157566,-118.500557,28-FEB-18 02.42.14.000000 PM UTC,201802280230,E83
ENR,34.157406,-118.500710,28-FEB-18 02.42.45.000000 PM UTC,201802280230,E83
ENR,34.157211,-118.500656,28-FEB-18 02.43.16.000000 PM UTC,201802280230,E83
ENR,34.157204,-118.500664,28-FEB-18 02.43.47.000000 PM UTC,201802280230,E83
ENR,34.157162,-118.500641,28-FEB-18 02.44.18.000000 PM UTC,201802280230,E83
ENR,34.157162,-118.500656,28-FEB-18 02.44.49.000000 PM UTC,201802280230,E83
ENR,34.157154,-118.500664,28-FEB-18 02.45.20.000000 PM UTC,201802280230,E83
ENR,34.157154,-118.500664,28-FEB-18 02.45.51.000000 PM UTC,201802280230,E83
ENR,34.157173,-118.500610,28-FEB-18 02.46.22.000000 PM UTC,201802280230,E83
ENR,34.157169,-118.500565,28-FEB-18 02.46.53.000000 PM UTC,201802280230,E83
ENR,34.157169,-118.500580,28-FEB-18 02.47.24.000000 PM UTC,201802280230,E83
ENR,34.157166,-118.500595,28-FEB-18 02.47.55.000000 PM UTC,201802280230,E83
ENR,34.157162,-118.500610,28-FEB-18 02.48.26.000000 PM UTC,201802280230,E83
ENR,34.157158,-118.500618,28-FEB-18 02.48.57.000000 PM UTC,201802280230,E83
ENR,34.157154,-118.500626,28-FEB-18 02.49.28.000000 PM UTC,201802280230,E83
ONS,34.157154,-118.500626,28-FEB-18 02.49.28.000000 PM UTC,201802280230,E83
ONS,34.160828,-118.500259,28-FEB-18 02.58.16.000000 PM UTC,201802280230,E83
ENR,34.161041,-118.500687,28-FEB-18 03.01.07.000000 PM UTC,201802280260,E83
ENR,34.161049,-118.500694,28-FEB-18 03.01.09.000000 PM UTC,201802280260,E83
ENR,34.161064,-118.500725,28-FEB-18 03.01.40.000000 PM UTC,201802280260,E83
ENR,34.161053,-118.500740,28-FEB-18 03.02.11.000000 PM UTC,201802280260,E83
ENR,34.161030,-118.500786,28-FEB-18 03.02.42.000000 PM UTC,201802280260,E83
ENR,34.160847,-118.501106,28-FEB-18 03.03.13.000000 PM UTC,201802280260,E83
ENR,34.158821,-118.499451,28-FEB-18 03.03.44.000000 PM UTC,201802280260,E83
ENR,34.157719,-118.493462,28-FEB-18 03.04.15.000000 PM UTC,201802280260,E83
ENR,34.156914,-118.487938,28-FEB-18 03.04.46.000000 PM UTC,201802280260,E83
ENR,34.156784,-118.486885,28-FEB-18 03.04.56.000000 PM UTC,201802280260,E83
ONS,34.156784,-118.486885,28-FEB-18 03.04.56.000000 PM UTC,201802280260,E83
ONS,34.156971,-118.487305,28-FEB-18 03.14.47.000000 PM UTC,201802280260,E83
ONS,34.157021,-118.488060,28-FEB-18 03.17.30.000000 PM UTC,201802280260,E83
ENR,34.160126,-118.507782,28-FEB-18 07.58.35.000000 PM UTC,201802280652,E83
ENR,34.160118,-118.507782,28-FEB-18 07.58.37.000000 PM UTC,201802280652,E83
ENR,34.160099,-118.507706,28-FEB-18 07.59.08.000000 PM UTC,201802280652,E83
ENR,34.160671,-118.508583,28-FEB-18 07.59.39.000000 PM UTC,201802280652,E83
ENR,34.161140,-118.511909,28-FEB-18 08.00.10.000000 PM UTC,201802280652,E83
ENR,34.162258,-118.518082,28-FEB-18 08.00.41.000000 PM UTC,201802280652,E83
ENR,34.161694,-118.522942,28-FEB-18 08.01.43.000000 PM UTC,201802280652,E83
ENR,34.160919,-118.522957,28-FEB-18 08.02.02.000000 PM UTC,201802280652,E83
ONS,34.160919,-118.522957,28-FEB-18 08.02.02.000000 PM UTC,201802280652,E83
ONS,34.160923,-118.522934,28-FEB-18 08.11.44.000000 PM UTC,201802280652,E83
ONS,34.160450,-118.522446,28-FEB-18 08.14.40.000000 PM UTC,201802280652,E83
ENR,34.163883,-118.518501,28-FEB-18 08.16.42.000000 PM UTC,201802280678,E83
ENR,34.164165,-118.518509,28-FEB-18 08.16.44.000000 PM UTC,201802280678,E83
ENR,34.168758,-118.518295,28-FEB-18 08.17.15.000000 PM UTC,201802280678,E83
ENR,34.169193,-118.518349,28-FEB-18 08.17.22.000000 PM UTC,201802280678,E83
ONS,34.169193,-118.518349,28-FEB-18 08.17.22.000000 PM UTC,201802280678,E83
ONS,34.170406,-118.518318,28-FEB-18 08.27.16.000000 PM UTC,201802280678,E83
ONS,34.170238,-118.518372,28-FEB-18 08.37.17.000000 PM UTC,201802280678,E83
ONS,34.162663,-118.518600,28-FEB-18 08.45.41.000000 PM UTC,201802280678,E83
ENR,34.160114,-118.507736,28-FEB-18 09.13.52.000000 PM UTC,201802280771,E83
ENR,34.160114,-118.507736,28-FEB-18 09.13.54.000000 PM UTC,201802280771,E83
ENR,34.160118,-118.507736,28-FEB-18 09.14.25.000000 PM UTC,201802280771,E83
ENR,34.160271,-118.507629,28-FEB-18 09.14.56.000000 PM UTC,201802280771,E83
ENR,34.160103,-118.504990,28-FEB-18 09.15.27.000000 PM UTC,201802280771,E83
ENR,34.159149,-118.500885,28-FEB-18 09.15.58.000000 PM UTC,201802280771,E83
ENR,34.157928,-118.495270,28-FEB-18 09.16.29.000000 PM UTC,201802280771,E83
ENR,34.157349,-118.491058,28-FEB-18 09.17.00.000000 PM UTC,201802280771,E83
ENR,34.157703,-118.487930,28-FEB-18 09.17.31.000000 PM UTC,201802280771,E83
ENR,34.160576,-118.487976,28-FEB-18 09.18.02.000000 PM UTC,201802280771,E83
ENR,34.162552,-118.487938,28-FEB-18 09.18.23.000000 PM UTC,201802280771,E83
ONS,34.162552,-118.487938,28-FEB-18 09.18.23.000000 PM UTC,201802280771,E83
ONS,34.163616,-118.487991,28-FEB-18 09.28.03.000000 PM UTC,201802280771,E83
ONS,34.157578,-118.492058,28-FEB-18 09.31.06.000000 PM UTC,201802280771,E83
ENR,34.159603,-118.499863,28-FEB-18 09.41.42.000000 PM UTC,201802280805,E83
ENR,34.159603,-118.499855,28-FEB-18 09.41.44.000000 PM UTC,201802280805,E83
ENR,34.159081,-118.500198,28-FEB-18 09.42.15.000000 PM UTC,201802280805,E83
ENR,34.160042,-118.504555,28-FEB-18 09.42.46.000000 PM UTC,201802280805,E83
ENR,34.160912,-118.509857,28-FEB-18 09.43.17.000000 PM UTC,201802280805,E83
ENR,34.162060,-118.517029,28-FEB-18 09.43.48.000000 PM UTC,201802280805,E83
ENR,34.163036,-118.520348,28-FEB-18 09.44.19.000000 PM UTC,201802280805,E83
ENR,34.163055,-118.520393,28-FEB-18 09.44.21.000000 PM UTC,201802280805,E83
ONS,34.163055,-118.520393,28-FEB-18 09.44.21.000000 PM UTC,201802280805,E83
ONS,34.162468,-118.518784,28-FEB-18 09.48.55.000000 PM UTC,201802280805,E83
ENR,34.161114,-118.500725,28-FEB-18 10.11.03.000000 PM UTC,201802280849,E83
ENR,34.161144,-118.500717,28-FEB-18 10.11.07.000000 PM UTC,201802280849,E83
ENR,34.161331,-118.500710,28-FEB-18 10.11.38.000000 PM UTC,201802280849,E83
ENR,34.160412,-118.501122,28-FEB-18 10.12.09.000000 PM UTC,201802280849,E83
ENR,34.159817,-118.503380,28-FEB-18 10.12.40.000000 PM UTC,201802280849,E83
ENR,34.160767,-118.508942,28-FEB-18 10.13.11.000000 PM UTC,201802280849,E83
ENR,34.161678,-118.515251,28-FEB-18 10.13.42.000000 PM UTC,201802280849,E83
ENR,34.163055,-118.520691,28-FEB-18 10.14.13.000000 PM UTC,201802280849,E83
ENR,34.164738,-118.524422,28-FEB-18 10.14.44.000000 PM UTC,201802280849,E83
ENR,34.165203,-118.524452,28-FEB-18 10.14.53.000000 PM UTC,201802280849,E83
ONS,34.165203,-118.524452,28-FEB-18 10.14.53.000000 PM UTC,201802280849,E83
ONS,34.165291,-118.524399,28-FEB-18 10.24.45.000000 PM UTC,201802280849,E83
ONS,34.164307,-118.522011,28-FEB-18 10.26.07.000000 PM UTC,201802280849,E83
ENR,34.161152,-118.500595,28-FEB-18 11.04.20.000000 PM UTC,201802280936,E83
ENR,34.161163,-118.500595,28-FEB-18 11.04.36.000000 PM UTC,201802280936,E83
ENR,34.161190,-118.500618,28-FEB-18 11.05.07.000000 PM UTC,201802280936,E83
ENR,34.161259,-118.500710,28-FEB-18 11.05.38.000000 PM UTC,201802280936,E83
ENR,34.159523,-118.501137,28-FEB-18 11.06.09.000000 PM UTC,201802280936,E83
ENR,34.160179,-118.505005,28-FEB-18 11.06.40.000000 PM UTC,201802280936,E83
ENR,34.161083,-118.511200,28-FEB-18 11.07.11.000000 PM UTC,201802280936,E83
ENR,34.162094,-118.517258,28-FEB-18 11.07.42.000000 PM UTC,201802280936,E83
ENR,34.163010,-118.520508,28-FEB-18 11.08.13.000000 PM UTC,201802280936,E83
ENR,34.163166,-118.521332,28-FEB-18 11.08.37.000000 PM UTC,201802280936,E83
ONS,34.163166,-118.521332,28-FEB-18 11.08.37.000000 PM UTC,201802280936,E83
ONS,34.163155,-118.522072,28-FEB-18 11.14.27.000000 PM UTC,201802280936,E83
ENR,34.161114,-118.500710,28-FEB-18 11.47.50.000000 PM UTC,201802280999,E83
ENR,34.161121,-118.500702,28-FEB-18 11.47.52.000000 PM UTC,201802280999,E83
ENR,34.161083,-118.500740,28-FEB-18 11.48.23.000000 PM UTC,201802280999,E83
ENR,34.161125,-118.500725,28-FEB-18 11.48.54.000000 PM UTC,201802280999,E83
ENR,34.160908,-118.501152,28-FEB-18 11.49.25.000000 PM UTC,201802280999,E83
ENR,34.159527,-118.502129,28-FEB-18 11.49.56.000000 PM UTC,201802280999,E83
ENR,34.160580,-118.507568,28-FEB-18 11.50.27.000000 PM UTC,201802280999,E83
ENR,34.161556,-118.514442,28-FEB-18 11.50.58.000000 PM UTC,201802280999,E83
ENR,34.162731,-118.519531,28-FEB-18 11.51.29.000000 PM UTC,201802280999,E83
ENR,34.164776,-118.522095,28-FEB-18 11.52.00.000000 PM UTC,201802280999,E83
ENR,34.166595,-118.522041,28-FEB-18 11.52.32.000000 PM UTC,201802280999,E83
ENR,34.166618,-118.522041,28-FEB-18 11.52.36.000000 PM UTC,201802280999,E83
ONS,34.166618,-118.522041,28-FEB-18 11.52.36.000000 PM UTC,201802280999,E83
ONS,34.167030,-118.522034,01-MAR-18 12.02.18.000000 AM UTC,201802280999,E83
ENR,34.161232,-118.500854,01-MAR-18 02.18.23.000000 AM UTC,201802281200,E83
ENR,34.161240,-118.500870,01-MAR-18 02.18.27.000000 AM UTC,201802281200,E83
ENR,34.161182,-118.500870,01-MAR-18 02.18.58.000000 AM UTC,201802281200,E83
ENR,34.160809,-118.501175,01-MAR-18 02.19.29.000000 AM UTC,201802281200,E83
ENR,34.159462,-118.501877,01-MAR-18 02.20.00.000000 AM UTC,201802281200,E83
ENR,34.160542,-118.507324,01-MAR-18 02.20.31.000000 AM UTC,201802281200,E83
ENR,34.161442,-118.513725,01-MAR-18 02.21.02.000000 AM UTC,201802281200,E83
ENR,34.162273,-118.518158,01-MAR-18 02.21.33.000000 AM UTC,201802281200,E83
ENR,34.164055,-118.523285,01-MAR-18 02.22.04.000000 AM UTC,201802281200,E83
ENR,34.165813,-118.524422,01-MAR-18 02.22.35.000000 AM UTC,201802281200,E83
ENR,34.166569,-118.524429,01-MAR-18 02.22.55.000000 AM UTC,201802281200,E83
ONS,34.166569,-118.524429,01-MAR-18 02.22.55.000000 AM UTC,201802281200,E83
ONS,34.166557,-118.524406,01-MAR-18 02.32.36.000000 AM UTC,201802281200,E83
ONS,34.170925,-118.517403,01-MAR-18 02.42.37.000000 AM UTC,201802281200,E83
ONS,34.171055,-118.511520,01-MAR-18 02.43.26.000000 AM UTC,201802281200,E83
ENR,34.161152,-118.500679,01-MAR-18 03.34.20.000000 AM UTC,201802281303,E83
ENR,34.161156,-118.500679,01-MAR-18 03.34.27.000000 AM UTC,201802281303,E83
ENR,34.161106,-118.500717,01-MAR-18 03.34.58.000000 AM UTC,201802281303,E83
ENR,34.160553,-118.501122,01-MAR-18 03.35.29.000000 AM UTC,201802281303,E83
ENR,34.158703,-118.498924,01-MAR-18 03.36.00.000000 AM UTC,201802281303,E83
ENR,34.157787,-118.494537,01-MAR-18 03.36.31.000000 AM UTC,201802281303,E83
ENR,34.156116,-118.492363,01-MAR-18 03.37.02.000000 AM UTC,201802281303,E83
ENR,34.152065,-118.492760,01-MAR-18 03.37.33.000000 AM UTC,201802281303,E83
ENR,34.150398,-118.494438,01-MAR-18 03.38.04.000000 AM UTC,201802281303,E83
ENR,34.148079,-118.495399,01-MAR-18 03.38.35.000000 AM UTC,201802281303,E83
ENR,34.146496,-118.495148,01-MAR-18 03.39.06.000000 AM UTC,201802281303,E83
ENR,34.146065,-118.494591,01-MAR-18 03.39.29.000000 AM UTC,201802281303,E83
ENR,34.146065,-118.494591,01-MAR-18 03.39.29.000000 AM UTC,201802281303,E83
ENR,34.146069,-118.494591,01-MAR-18 03.39.35.000000 AM UTC,201802281303,E83
ONS,34.146069,-118.494591,01-MAR-18 03.39.35.000000 AM UTC,201802281303,E83
ONS,34.146221,-118.494827,01-MAR-18 03.49.07.000000 AM UTC,201802281303,E83
ONS,34.146221,-118.494843,01-MAR-18 03.59.08.000000 AM UTC,201802281303,E83
ONS,34.148247,-118.495453,01-MAR-18 04.01.44.000000 AM UTC,201802281303,E83
ENR,34.151707,-118.492813,01-MAR-18 04.02.53.000000 AM UTC,201802281339,E83
ENR,34.151932,-118.492760,01-MAR-18 04.02.55.000000 AM UTC,201802281339,E83
ENR,34.155060,-118.492348,01-MAR-18 04.03.26.000000 AM UTC,201802281339,E83
ENR,34.157993,-118.492348,01-MAR-18 04.03.57.000000 AM UTC,201802281339,E83
ENR,34.163082,-118.492325,01-MAR-18 04.04.28.000000 AM UTC,201802281339,E83
ENR,34.166733,-118.492310,01-MAR-18 04.04.59.000000 AM UTC,201802281339,E83
ENR,34.167175,-118.492638,01-MAR-18 04.05.25.000000 AM UTC,201802281339,E83
ONS,34.167175,-118.492638,01-MAR-18 04.05.25.000000 AM UTC,201802281339,E83
ONS,34.167202,-118.492661,01-MAR-18 04.15.00.000000 AM UTC,201802281339,E83
ONS,34.167225,-118.493332,01-MAR-18 04.22.45.000000 AM UTC,201802281339,E83
ENR,34.161140,-118.500771,01-MAR-18 08.32.23.000000 AM UTC,201803010029,E83
ENR,34.161118,-118.500778,01-MAR-18 08.32.25.000000 AM UTC,201803010029,E83
ENR,34.161064,-118.500832,01-MAR-18 08.32.56.000000 AM UTC,201803010029,E83
ENR,34.161030,-118.500854,01-MAR-18 08.33.27.000000 AM UTC,201803010029,E83
ENR,34.161148,-118.500809,01-MAR-18 08.33.58.000000 AM UTC,201803010029,E83
ENR,34.161388,-118.500763,01-MAR-18 08.34.29.000000 AM UTC,201803010029,E83
ENR,34.161121,-118.500999,01-MAR-18 08.35.00.000000 AM UTC,201803010029,E83
ENR,34.159367,-118.501335,01-MAR-18 08.35.31.000000 AM UTC,201803010029,E83
ENR,34.160385,-118.506287,01-MAR-18 08.36.02.000000 AM UTC,201803010029,E83
ENR,34.161343,-118.512955,01-MAR-18 08.36.33.000000 AM UTC,201803010029,E83
ENR,34.162567,-118.518570,01-MAR-18 08.37.04.000000 AM UTC,201803010029,E83
ENR,34.165867,-118.518677,01-MAR-18 08.37.34.000000 AM UTC,201803010029,E83
ONS,34.165867,-118.518677,01-MAR-18 08.37.34.000000 AM UTC,201803010029,E83
ONS,34.165916,-118.518684,01-MAR-18 08.37.35.000000 AM UTC,201803010029,E83
ONS,34.169117,-118.518501,01-MAR-18 08.45.30.000000 AM UTC,201803010029,E83
ENR,34.161442,-118.500893,01-MAR-18 04.35.41.000000 PM UTC,201803010355,E83
ENR,34.161427,-118.500885,01-MAR-18 04.35.51.000000 PM UTC,201803010355,E83
ENR,34.161243,-118.500778,01-MAR-18 04.36.22.000000 PM UTC,201803010355,E83
ENR,34.161259,-118.500710,01-MAR-18 04.36.53.000000 PM UTC,201803010355,E83
ENR,34.161217,-118.500771,01-MAR-18 04.37.24.000000 PM UTC,201803010355,E83
ENR,34.159897,-118.501167,01-MAR-18 04.37.55.000000 PM UTC,201803010355,E83
ENR,34.159885,-118.503540,01-MAR-18 04.38.26.000000 PM UTC,201803010355,E83
ENR,34.160820,-118.509125,01-MAR-18 04.38.57.000000 PM UTC,201803010355,E83
ENR,34.161732,-118.515564,01-MAR-18 04.39.28.000000 PM UTC,201803010355,E83
ENR,34.163414,-118.521713,01-MAR-18 04.39.59.000000 PM UTC,201803010355,E83
ENR,34.165504,-118.522072,01-MAR-18 04.40.30.000000 PM UTC,201803010355,E83
ENR,34.165882,-118.522064,01-MAR-18 04.40.35.000000 PM UTC,201803010355,E83
ONS,34.165882,-118.522064,01-MAR-18 04.40.35.000000 PM UTC,201803010355,E83
ONS,34.170399,-118.522041,01-MAR-18 04.50.31.000000 PM UTC,201803010355,E83
ONS,34.170399,-118.522041,01-MAR-18 05.00.32.000000 PM UTC,201803010355,E83
ONS,34.168617,-118.520226,01-MAR-18 05.07.10.000000 PM UTC,201803010355,E83
ENR,34.161228,-118.500778,01-MAR-18 05.53.01.000000 PM UTC,201803010481,E83
ENR,34.161266,-118.500755,01-MAR-18 05.53.18.000000 PM UTC,201803010481,E83
ENR,34.161106,-118.500740,01-MAR-18 05.53.49.000000 PM UTC,201803010481,E83
ENR,34.161076,-118.500725,01-MAR-18 05.54.20.000000 PM UTC,201803010481,E83
ENR,34.160969,-118.500786,01-MAR-18 05.54.51.000000 PM UTC,201803010481,E83
ENR,34.160954,-118.500786,01-MAR-18 05.55.22.000000 PM UTC,201803010481,E83
ENR,34.161068,-118.500877,01-MAR-18 05.55.53.000000 PM UTC,201803010481,E83
ENR,34.163605,-118.501076,01-MAR-18 05.56.24.000000 PM UTC,201803010481,E83
ENR,34.171803,-118.501038,01-MAR-18 05.57.26.000000 PM UTC,201803010481,E83
ENR,34.174809,-118.501122,01-MAR-18 05.57.57.000000 PM UTC,201803010481,E83
ENR,34.180492,-118.501122,01-MAR-18 05.58.28.000000 PM UTC,201803010481,E83
ENR,34.185795,-118.501114,01-MAR-18 05.58.59.000000 PM UTC,201803010481,E83
ENR,34.186047,-118.501190,01-MAR-18 05.59.22.000000 PM UTC,201803010481,E83
ONS,34.186047,-118.501190,01-MAR-18 05.59.22.000000 PM UTC,201803010481,E83
ONS,34.185757,-118.501175,01-MAR-18 05.59.25.000000 PM UTC,201803010481,E83
ENR,34.161068,-118.500511,01-MAR-18 06.05.03.000000 PM UTC,201803010510,E83
ENR,34.161072,-118.500519,01-MAR-18 06.05.05.000000 PM UTC,201803010510,E83
ENR,34.161068,-118.500519,01-MAR-18 06.05.36.000000 PM UTC,201803010510,E83
ENR,34.161057,-118.500526,01-MAR-18 06.06.07.000000 PM UTC,201803010510,E83
ENR,34.161053,-118.500526,01-MAR-18 06.06.38.000000 PM UTC,201803010510,E83
ENR,34.161057,-118.500526,01-MAR-18 06.07.09.000000 PM UTC,201803010510,E83
ENR,34.161060,-118.500526,01-MAR-18 06.07.40.000000 PM UTC,201803010510,E83
ENR,34.161060,-118.500526,01-MAR-18 06.08.11.000000 PM UTC,201803010510,E83
ENR,34.161064,-118.500534,01-MAR-18 06.08.41.000000 PM UTC,201803010510,E83
ENR,34.161095,-118.500717,01-MAR-18 06.09.13.000000 PM UTC,201803010510,E83
ENR,34.161747,-118.501488,01-MAR-18 06.09.44.000000 PM UTC,201803010510,E83
ENR,34.161091,-118.503304,01-MAR-18 06.10.15.000000 PM UTC,201803010510,E83
ENR,34.159950,-118.503952,01-MAR-18 06.10.46.000000 PM UTC,201803010510,E83
ENR,34.160786,-118.509018,01-MAR-18 06.11.17.000000 PM UTC,201803010510,E83
ENR,34.161491,-118.513985,01-MAR-18 06.11.48.000000 PM UTC,201803010510,E83
ENR,34.162865,-118.520073,01-MAR-18 06.12.19.000000 PM UTC,201803010510,E83
ONS,34.162865,-118.520073,01-MAR-18 06.12.19.000000 PM UTC,201803010510,E83
ONS,34.164394,-118.524574,01-MAR-18 06.12.50.000000 PM UTC,201803010510,E83
ONS,34.164017,-118.524696,01-MAR-18 06.22.51.000000 PM UTC,201803010510,E83
ONS,34.162846,-118.522903,01-MAR-18 06.24.33.000000 PM UTC,201803010510,E83
ENR,34.161072,-118.500710,01-MAR-18 06.55.53.000000 PM UTC,201803010577,E83
ENR,34.161098,-118.500679,01-MAR-18 06.56.00.000000 PM UTC,201803010577,E83
ENR,34.161243,-118.500755,01-MAR-18 06.56.31.000000 PM UTC,201803010577,E83
ENR,34.161175,-118.500771,01-MAR-18 06.57.02.000000 PM UTC,201803010577,E83
ENR,34.162464,-118.501076,01-MAR-18 06.57.33.000000 PM UTC,201803010577,E83
ENR,34.166458,-118.501045,01-MAR-18 06.58.04.000000 PM UTC,201803010577,E83
ENR,34.168812,-118.501152,01-MAR-18 06.58.35.000000 PM UTC,201803010577,E83
ENR,34.168476,-118.501190,01-MAR-18 06.58.55.000000 PM UTC,201803010577,E83
ONS,34.168476,-118.501190,01-MAR-18 06.58.55.000000 PM UTC,201803010577,E83
ONS,34.168453,-118.501183,01-MAR-18 07.08.36.000000 PM UTC,201803010577,E83
ONS,34.168465,-118.501190,01-MAR-18 07.18.37.000000 PM UTC,201803010577,E83
ONS,34.168427,-118.501175,01-MAR-18 07.19.57.000000 PM UTC,201803010577,E83
ENR,34.161083,-118.500801,01-MAR-18 11.06.47.000000 PM UTC,201803010931,E83
ENR,34.161087,-118.500801,01-MAR-18 11.06.49.000000 PM UTC,201803010931,E83
ENR,34.161098,-118.500771,01-MAR-18 11.07.20.000000 PM UTC,201803010931,E83
ENR,34.161148,-118.500778,01-MAR-18 11.07.51.000000 PM UTC,201803010931,E83
ENR,34.163460,-118.501053,01-MAR-18 11.08.22.000000 PM UTC,201803010931,E83
ENR,34.168304,-118.501068,01-MAR-18 11.08.53.000000 PM UTC,201803010931,E83
ENR,34.172321,-118.501274,01-MAR-18 11.09.24.000000 PM UTC,201803010931,E83
ENR,34.172203,-118.503555,01-MAR-18 11.09.55.000000 PM UTC,201803010931,E83
ENR,34.172157,-118.503700,01-MAR-18 11.10.26.000000 PM UTC,201803010931,E83
ENR,34.172153,-118.503685,01-MAR-18 11.10.57.000000 PM UTC,201803010931,E83
ENR,34.172150,-118.503685,01-MAR-18 11.11.28.000000 PM UTC,201803010931,E83
ENR,34.172153,-118.503685,01-MAR-18 11.11.59.000000 PM UTC,201803010931,E83
ENR,34.172173,-118.503693,01-MAR-18 11.12.30.000000 PM UTC,201803010931,E83
ENR,34.172173,-118.503693,01-MAR-18 11.13.01.000000 PM UTC,201803010931,E83
ENR,34.172173,-118.503693,01-MAR-18 11.13.32.000000 PM UTC,201803010931,E83
ENR,34.172188,-118.503708,01-MAR-18 11.14.03.000000 PM UTC,201803010931,E83
ENR,34.172188,-118.503723,01-MAR-18 11.14.34.000000 PM UTC,201803010931,E83
ENR,34.172188,-118.503723,01-MAR-18 11.15.05.000000 PM UTC,201803010931,E83
ENR,34.172180,-118.503716,01-MAR-18 11.15.36.000000 PM UTC,201803010931,E83
ENR,34.172188,-118.503708,01-MAR-18 11.16.07.000000 PM UTC,201803010931,E83
ENR,34.172195,-118.503708,01-MAR-18 11.16.38.000000 PM UTC,201803010931,E83
ENR,34.172184,-118.503716,01-MAR-18 11.17.09.000000 PM UTC,201803010931,E83
ENR,34.172173,-118.503723,01-MAR-18 11.17.40.000000 PM UTC,201803010931,E83
ENR,34.172176,-118.503723,01-MAR-18 11.18.11.000000 PM UTC,201803010931,E83
ENR,34.172165,-118.503723,01-MAR-18 11.18.42.000000 PM UTC,201803010931,E83
ENR,34.172176,-118.503746,01-MAR-18 11.19.13.000000 PM UTC,201803010931,E83
ENR,34.172184,-118.503754,01-MAR-18 11.19.44.000000 PM UTC,201803010931,E83
ENR,34.172192,-118.503754,01-MAR-18 11.20.15.000000 PM UTC,201803010931,E83
ENR,34.172195,-118.503738,01-MAR-18 11.20.46.000000 PM UTC,201803010931,E83
ENR,34.172192,-118.503738,01-MAR-18 11.21.17.000000 PM UTC,201803010931,E83
ENR,34.172192,-118.503738,01-MAR-18 11.22.19.000000 PM UTC,201803010931,E83
ENR,34.172192,-118.503746,01-MAR-18 11.22.50.000000 PM UTC,201803010931,E83
ENR,34.172192,-118.503738,01-MAR-18 11.23.21.000000 PM UTC,201803010931,E83
ENR,34.172195,-118.503731,01-MAR-18 11.23.52.000000 PM UTC,201803010931,E83
ENR,34.172195,-118.503731,01-MAR-18 11.24.23.000000 PM UTC,201803010931,E83
ENR,34.172199,-118.503731,01-MAR-18 11.24.54.000000 PM UTC,201803010931,E83
ENR,34.172192,-118.503731,01-MAR-18 11.25.25.000000 PM UTC,201803010931,E83
ENR,34.172195,-118.503731,01-MAR-18 11.25.56.000000 PM UTC,201803010931,E83
ENR,34.172199,-118.503731,01-MAR-18 11.26.27.000000 PM UTC,201803010931,E83
ENR,34.172203,-118.503731,01-MAR-18 11.26.58.000000 PM UTC,201803010931,E83
ENR,34.172207,-118.503723,01-MAR-18 11.27.29.000000 PM UTC,201803010931,E83
ENR,34.172207,-118.503723,01-MAR-18 11.28.00.000000 PM UTC,201803010931,E83
ENR,34.172211,-118.503716,01-MAR-18 11.28.31.000000 PM UTC,201803010931,E83
ENR,34.172207,-118.503716,01-MAR-18 11.29.02.000000 PM UTC,201803010931,E83
ENR,34.172207,-118.503716,01-MAR-18 11.29.33.000000 PM UTC,201803010931,E83
ENR,34.172207,-118.503708,01-MAR-18 11.30.04.000000 PM UTC,201803010931,E83
ENR,34.172279,-118.504730,01-MAR-18 11.30.31.000000 PM UTC,201803010931,E83
ONS,34.172279,-118.504730,01-MAR-18 11.30.31.000000 PM UTC,201803010931,E83
ONS,34.172283,-118.504967,01-MAR-18 11.30.33.000000 PM UTC,201803010931,E83
ENR,34.161167,-118.500679,02-MAR-18 01.03.21.000000 AM UTC,201803011099,E83
ENR,34.161137,-118.500641,02-MAR-18 01.04.05.000000 AM UTC,201803011099,E83
ENR,34.161179,-118.500664,02-MAR-18 01.04.36.000000 AM UTC,201803011099,E83
ENR,34.163132,-118.501045,02-MAR-18 01.05.07.000000 AM UTC,201803011099,E83
ENR,34.164997,-118.498421,02-MAR-18 01.05.38.000000 AM UTC,201803011099,E83
ENR,34.164967,-118.493134,02-MAR-18 01.06.09.000000 AM UTC,201803011099,E83
ENR,34.166897,-118.492355,02-MAR-18 01.06.40.000000 AM UTC,201803011099,E83
ENR,34.168362,-118.496216,02-MAR-18 01.07.11.000000 AM UTC,201803011099,E83
ENR,34.169083,-118.497360,02-MAR-18 01.07.42.000000 AM UTC,201803011099,E83
ENR,34.166924,-118.492661,02-MAR-18 01.08.13.000000 AM UTC,201803011099,E83
ENR,34.167263,-118.489494,02-MAR-18 01.08.44.000000 AM UTC,201803011099,E83
ENR,34.167316,-118.489304,02-MAR-18 01.08.48.000000 AM UTC,201803011099,E83
ONS,34.167316,-118.489304,02-MAR-18 01.08.48.000000 AM UTC,201803011099,E83
ONS,34.164948,-118.492538,02-MAR-18 01.11.31.000000 AM UTC,201803011099,E83
ENR,34.161079,-118.500725,02-MAR-18 02.05.46.000000 AM UTC,201803011194,E83
ENR,34.161060,-118.500740,02-MAR-18 02.05.55.000000 AM UTC,201803011194,E83
ENR,34.161049,-118.500755,02-MAR-18 02.06.26.000000 AM UTC,201803011194,E83
ENR,34.161057,-118.500740,02-MAR-18 02.06.57.000000 AM UTC,201803011194,E83
ENR,34.161114,-118.500710,02-MAR-18 02.07.28.000000 AM UTC,201803011194,E83
ENR,34.161072,-118.500687,02-MAR-18 02.07.59.000000 AM UTC,201803011194,E83
ENR,34.161057,-118.500694,02-MAR-18 02.08.30.000000 AM UTC,201803011194,E83
ENR,34.161087,-118.500702,02-MAR-18 02.09.01.000000 AM UTC,201803011194,E83
ENR,34.161121,-118.500656,02-MAR-18 02.09.32.000000 AM UTC,201803011194,E83
ENR,34.161121,-118.500679,02-MAR-18 02.10.03.000000 AM UTC,201803011194,E83
ENR,34.161137,-118.500839,02-MAR-18 02.10.17.000000 AM UTC,201803011194,E83
ONS,34.161137,-118.500839,02-MAR-18 02.10.17.000000 AM UTC,201803011194,E83
ONS,34.161106,-118.501030,02-MAR-18 02.10.26.000000 AM UTC,201803011194,E83
ONS,34.161106,-118.501030,02-MAR-18 02.10.26.000000 AM UTC,201803011194,E83
ONS,34.160801,-118.501106,02-MAR-18 02.10.32.000000 AM UTC,201803011194,E83
ONS,34.160801,-118.501106,02-MAR-18 02.10.32.000000 AM UTC,201803011194,E83
ONS,34.160637,-118.501099,02-MAR-18 02.10.34.000000 AM UTC,201803011194,E83
ONS,34.159698,-118.501091,02-MAR-18 02.11.01.000000 AM UTC,201803011194,E83
ENR,34.157810,-118.494766,02-MAR-18 02.14.18.000000 AM UTC,201803011194,E83
ENR,34.157810,-118.494766,02-MAR-18 02.14.19.000000 AM UTC,201803011194,E83
ENR,34.157803,-118.494804,02-MAR-18 02.14.51.000000 AM UTC,201803011194,E83
ENR,34.157806,-118.494812,02-MAR-18 02.15.22.000000 AM UTC,201803011194,E83
ENR,34.157707,-118.493118,02-MAR-18 02.15.53.000000 AM UTC,201803011194,E83
ENR,34.157013,-118.488510,02-MAR-18 02.16.24.000000 AM UTC,201803011194,E83
ENR,34.156357,-118.483170,02-MAR-18 02.16.55.000000 AM UTC,201803011194,E83
ENR,34.155823,-118.479965,02-MAR-18 02.17.32.000000 AM UTC,201803011194,E83
ONS,34.155823,-118.479965,02-MAR-18 02.17.32.000000 AM UTC,201803011194,E83
ONS,34.156052,-118.479622,02-MAR-18 02.27.27.000000 AM UTC,201803011194,E83
ONS,34.157436,-118.491470,02-MAR-18 02.36.18.000000 AM UTC,201803011194,E83
ENR,34.157825,-118.494774,02-MAR-18 03.31.06.000000 AM UTC,201803011332,E83
ENR,34.157825,-118.494774,02-MAR-18 03.31.08.000000 AM UTC,201803011332,E83
ENR,34.157822,-118.494774,02-MAR-18 03.31.39.000000 AM UTC,201803011332,E83
ENR,34.157818,-118.494781,02-MAR-18 03.32.10.000000 AM UTC,201803011332,E83
ENR,34.157818,-118.494789,02-MAR-18 03.32.41.000000 AM UTC,201803011332,E83
ENR,34.157814,-118.494789,02-MAR-18 03.33.12.000000 AM UTC,201803011332,E83
ENR,34.157810,-118.494797,02-MAR-18 03.33.43.000000 AM UTC,201803011332,E83
ENR,34.157841,-118.494644,02-MAR-18 03.34.14.000000 AM UTC,201803011332,E83
ENR,34.158333,-118.497192,02-MAR-18 03.34.45.000000 AM UTC,201803011332,E83
ENR,34.159763,-118.503159,02-MAR-18 03.35.16.000000 AM UTC,201803011332,E83
ENR,34.160854,-118.509483,02-MAR-18 03.35.47.000000 AM UTC,201803011332,E83
ENR,34.161766,-118.515839,02-MAR-18 03.36.18.000000 AM UTC,201803011332,E83
ENR,34.164253,-118.518616,02-MAR-18 03.36.49.000000 AM UTC,201803011332,E83
ENR,34.168636,-118.518715,02-MAR-18 03.37.20.000000 AM UTC,201803011332,E83
ENR,34.167961,-118.520325,02-MAR-18 03.37.51.000000 AM UTC,201803011332,E83
ENR,34.167419,-118.520317,02-MAR-18 03.38.22.000000 AM UTC,201803011332,E83
ENR,34.167416,-118.520309,02-MAR-18 03.38.53.000000 AM UTC,201803011332,E83
ENR,34.167419,-118.520302,02-MAR-18 03.39.24.000000 AM UTC,201803011332,E83
ENR,34.167423,-118.520302,02-MAR-18 03.39.55.000000 AM UTC,201803011332,E83
ENR,34.167427,-118.520294,02-MAR-18 03.40.26.000000 AM UTC,201803011332,E83
ENR,34.167435,-118.520302,02-MAR-18 03.40.57.000000 AM UTC,201803011332,E83
ENR,34.167439,-118.520302,02-MAR-18 03.41.28.000000 AM UTC,201803011332,E83
ENR,34.167439,-118.520309,02-MAR-18 03.41.59.000000 AM UTC,201803011332,E83
ENR,34.167431,-118.520309,02-MAR-18 03.42.24.000000 AM UTC,201803011332,E83
ONS,34.167431,-118.520309,02-MAR-18 03.42.24.000000 AM UTC,201803011332,E83
ONS,34.167389,-118.520302,02-MAR-18 03.50.03.000000 AM UTC,201803011332,E83
ENR,34.161064,-118.500679,02-MAR-18 04.24.03.000000 AM UTC,201803011397,E83
ENR,34.161064,-118.500679,02-MAR-18 04.24.06.000000 AM UTC,201803011397,E83
ENR,34.161064,-118.500694,02-MAR-18 04.24.37.000000 AM UTC,201803011397,E83
ENR,34.161137,-118.500687,02-MAR-18 04.25.08.000000 AM UTC,201803011397,E83
ENR,34.161209,-118.500687,02-MAR-18 04.25.39.000000 AM UTC,201803011397,E83
ENR,34.161671,-118.501030,02-MAR-18 04.26.10.000000 AM UTC,201803011397,E83
ENR,34.167027,-118.501030,02-MAR-18 04.26.41.000000 AM UTC,201803011397,E83
ENR,34.171143,-118.501991,02-MAR-18 04.27.12.000000 AM UTC,201803011397,E83
ENR,34.171326,-118.508812,02-MAR-18 04.27.43.000000 AM UTC,201803011397,E83
ENR,34.171356,-118.515686,02-MAR-18 04.28.14.000000 AM UTC,201803011397,E83
ENR,34.170860,-118.518616,02-MAR-18 04.28.45.000000 AM UTC,201803011397,E83
ENR,34.168587,-118.519844,02-MAR-18 04.29.16.000000 AM UTC,201803011397,E83
ENR,34.168606,-118.521683,02-MAR-18 04.29.47.000000 AM UTC,201803011397,E83
ENR,34.168617,-118.521675,02-MAR-18 04.30.12.000000 AM UTC,201803011397,E83
ONS,34.168617,-118.521675,02-MAR-18 04.30.12.000000 AM UTC,201803011397,E83
ONS,34.163792,-118.522034,02-MAR-18 04.33.05.000000 AM UTC,201803011397,E83
ENR,34.161217,-118.500565,02-MAR-18 05.42.18.000000 AM UTC,201803011500,E83
ENR,34.161247,-118.500549,02-MAR-18 05.42.24.000000 AM UTC,201803011500,E83
ENR,34.161308,-118.500717,02-MAR-18 05.42.55.000000 AM UTC,201803011500,E83
ENR,34.161369,-118.500755,02-MAR-18 05.43.26.000000 AM UTC,201803011500,E83
ENR,34.161354,-118.500771,02-MAR-18 05.43.57.000000 AM UTC,201803011500,E83
ENR,34.161297,-118.500824,02-MAR-18 05.44.28.000000 AM UTC,201803011500,E83
ENR,34.160263,-118.501160,02-MAR-18 05.44.59.000000 AM UTC,201803011500,E83
ENR,34.159874,-118.503586,02-MAR-18 05.45.30.000000 AM UTC,201803011500,E83
ENR,34.160938,-118.510010,02-MAR-18 05.46.01.000000 AM UTC,201803011500,E83
ENR,34.162006,-118.516830,02-MAR-18 05.46.32.000000 AM UTC,201803011500,E83
ENR,34.163876,-118.522102,02-MAR-18 05.47.03.000000 AM UTC,201803011500,E83
ENR,34.166286,-118.522072,02-MAR-18 05.47.34.000000 AM UTC,201803011500,E83
ENR,34.166298,-118.522064,02-MAR-18 05.47.37.000000 AM UTC,201803011500,E83
ONS,34.166298,-118.522064,02-MAR-18 05.47.37.000000 AM UTC,201803011500,E83
ONS,34.166142,-118.522011,02-MAR-18 05.57.35.000000 AM UTC,201803011500,E83
ONS,34.168621,-118.520576,02-MAR-18 05.58.48.000000 AM UTC,201803011500,E83
ENR,34.161076,-118.500664,02-MAR-18 03.06.01.000000 PM UTC,201803020340,E83
ENR,34.161079,-118.500664,02-MAR-18 03.06.04.000000 PM UTC,201803020340,E83
ENR,34.161041,-118.500694,02-MAR-18 03.06.35.000000 PM UTC,201803020340,E83
ENR,34.161007,-118.500694,02-MAR-18 03.07.06.000000 PM UTC,201803020340,E83
ENR,34.160976,-118.500702,02-MAR-18 03.07.37.000000 PM UTC,201803020340,E83
ENR,34.159515,-118.501160,02-MAR-18 03.08.08.000000 PM UTC,201803020340,E83
ENR,34.160152,-118.504929,02-MAR-18 03.08.39.000000 PM UTC,201803020340,E83
ENR,34.161201,-118.511986,02-MAR-18 03.09.10.000000 PM UTC,201803020340,E83
ENR,34.162449,-118.518394,02-MAR-18 03.09.41.000000 PM UTC,201803020340,E83
ENR,34.165424,-118.518707,02-MAR-18 03.10.12.000000 PM UTC,201803020340,E83
ENR,34.165379,-118.519569,02-MAR-18 03.10.33.000000 PM UTC,201803020340,E83
ONS,34.165379,-118.519569,02-MAR-18 03.10.33.000000 PM UTC,201803020340,E83
ONS,34.165329,-118.519585,02-MAR-18 03.20.13.000000 PM UTC,201803020340,E83
ONS,34.165329,-118.519577,02-MAR-18 03.30.14.000000 PM UTC,201803020340,E83
ONS,34.163467,-118.520294,02-MAR-18 03.33.01.000000 PM UTC,201803020340,E83
ENR,34.158279,-118.496422,02-MAR-18 08.34.58.000000 PM UTC,201803020837,E83
ENR,34.158279,-118.496422,02-MAR-18 08.35.00.000000 PM UTC,201803020837,E83
ENR,34.158276,-118.496422,02-MAR-18 08.35.31.000000 PM UTC,201803020837,E83
ENR,34.158367,-118.496368,02-MAR-18 08.36.33.000000 PM UTC,201803020837,E83
ENR,34.158321,-118.496368,02-MAR-18 08.37.04.000000 PM UTC,201803020837,E83
ENR,34.159916,-118.503479,02-MAR-18 08.38.06.000000 PM UTC,201803020837,E83
ENR,34.160793,-118.509041,02-MAR-18 08.38.37.000000 PM UTC,201803020837,E83
ENR,34.161388,-118.511673,02-MAR-18 08.39.08.000000 PM UTC,201803020837,E83
ENR,34.161484,-118.511665,02-MAR-18 08.39.10.000000 PM UTC,201803020837,E83
ONS,34.161484,-118.511665,02-MAR-18 08.39.10.000000 PM UTC,201803020837,E83
ONS,34.161869,-118.512177,02-MAR-18 08.49.09.000000 PM UTC,201803020837,E83
ONS,34.161880,-118.512131,02-MAR-18 08.59.10.000000 PM UTC,201803020837,E83
ONS,34.161144,-118.500694,02-MAR-18 09.09.11.000000 PM UTC,201803020837,E83
ONS,34.161091,-118.500725,02-MAR-18 09.18.36.000000 PM UTC,201803020837,E83
ENR,34.161083,-118.500587,02-MAR-18 11.54.58.000000 PM UTC,201803021212,E83
ENR,34.161079,-118.500587,02-MAR-18 11.55.01.000000 PM UTC,201803021212,E83
ENR,34.161053,-118.500610,02-MAR-18 11.55.32.000000 PM UTC,201803021212,E83
ENR,34.161060,-118.500656,02-MAR-18 11.56.03.000000 PM UTC,201803021212,E83
ENR,34.161045,-118.500992,02-MAR-18 11.56.34.000000 PM UTC,201803021212,E83
ENR,34.159107,-118.500648,02-MAR-18 11.57.05.000000 PM UTC,201803021212,E83
ENR,34.157951,-118.495117,02-MAR-18 11.57.36.000000 PM UTC,201803021212,E83
ENR,34.157635,-118.492416,02-MAR-18 11.58.07.000000 PM UTC,201803021212,E83
ENR,34.157207,-118.489426,02-MAR-18 11.58.28.000000 PM UTC,201803021212,E83
ONS,34.157207,-118.489426,02-MAR-18 11.58.28.000000 PM UTC,201803021212,E83
ONS,34.157234,-118.489555,03-MAR-18 12.06.17.000000 AM UTC,201803021212,E83
ENR,34.161167,-118.500694,03-MAR-18 12.53.36.000000 AM UTC,201803021313,E83
ENR,34.161163,-118.500687,03-MAR-18 12.54.07.000000 AM UTC,201803021313,E83
ENR,34.161148,-118.500687,03-MAR-18 12.54.38.000000 AM UTC,201803021313,E83
ENR,34.161144,-118.500687,03-MAR-18 12.54.45.000000 AM UTC,201803021313,E83
ENR,34.161144,-118.500694,03-MAR-18 12.54.53.000000 AM UTC,201803021313,E83
ENR,34.161144,-118.500900,03-MAR-18 12.55.12.000000 AM UTC,201803021313,E83
ENR,34.160320,-118.501114,03-MAR-18 12.55.28.000000 AM UTC,201803021313,E83
ENR,34.160320,-118.501114,03-MAR-18 12.55.28.000000 AM UTC,201803021313,E83
ENR,34.160320,-118.501114,03-MAR-18 12.55.28.000000 AM UTC,201803021313,E83
ENR,34.160320,-118.501114,03-MAR-18 12.55.28.000000 AM UTC,201803021313,E83
ENR,34.160320,-118.501114,03-MAR-18 12.55.28.000000 AM UTC,201803021313,E83
ENR,34.160320,-118.501114,03-MAR-18 12.55.28.000000 AM UTC,201803021313,E83
ENR,34.158848,-118.499489,03-MAR-18 12.55.59.000000 AM UTC,201803021313,E83
ENR,34.157791,-118.494003,03-MAR-18 12.56.30.000000 AM UTC,201803021313,E83
ENR,34.157604,-118.491890,03-MAR-18 12.57.01.000000 AM UTC,201803021313,E83
ENR,34.157600,-118.491646,03-MAR-18 12.57.32.000000 AM UTC,201803021313,E83
ONS,34.157600,-118.491646,03-MAR-18 12.57.32.000000 AM UTC,201803021313,E83
ONS,34.157726,-118.491417,03-MAR-18 01.07.33.000000 AM UTC,201803021313,E83
ONS,34.158024,-118.491379,03-MAR-18 01.09.06.000000 AM UTC,201803021313,E83
ENR,34.161221,-118.500763,03-MAR-18 01.52.08.000000 AM UTC,201803021404,E83
ENR,34.161221,-118.500763,03-MAR-18 01.52.11.000000 AM UTC,201803021404,E83
ENR,34.161217,-118.500755,03-MAR-18 01.52.42.000000 AM UTC,201803021404,E83
ENR,34.161137,-118.500710,03-MAR-18 01.53.13.000000 AM UTC,201803021404,E83
ENR,34.159691,-118.501076,03-MAR-18 01.53.44.000000 AM UTC,201803021404,E83
ENR,34.158272,-118.497108,03-MAR-18 01.54.15.000000 AM UTC,201803021404,E83
ENR,34.157658,-118.492859,03-MAR-18 01.54.46.000000 AM UTC,201803021404,E83
ENR,34.156872,-118.487373,03-MAR-18 01.55.17.000000 AM UTC,201803021404,E83
ENR,34.156162,-118.481606,03-MAR-18 01.55.48.000000 AM UTC,201803021404,E83
ENR,34.158802,-118.481445,03-MAR-18 01.56.19.000000 AM UTC,201803021404,E83
ENR,34.161179,-118.481445,03-MAR-18 01.56.50.000000 AM UTC,201803021404,E83
ENR,34.163921,-118.481438,03-MAR-18 01.57.21.000000 AM UTC,201803021404,E83
ENR,34.164734,-118.480347,03-MAR-18 01.57.52.000000 AM UTC,201803021404,E83
ENR,34.164398,-118.480324,03-MAR-18 01.57.58.000000 AM UTC,201803021404,E83
ONS,34.164398,-118.480324,03-MAR-18 01.57.58.000000 AM UTC,201803021404,E83
ONS,34.164261,-118.480324,03-MAR-18 02.07.53.000000 AM UTC,201803021404,E83
ONS,34.164276,-118.480324,03-MAR-18 02.15.13.000000 AM UTC,201803021404,E83
ENR,34.161087,-118.500633,03-MAR-18 07.00.18.000000 AM UTC,201803021819,E83
ENR,34.161148,-118.500679,03-MAR-18 07.01.19.000000 AM UTC,201803021819,E83
ENR,34.161160,-118.500763,03-MAR-18 07.01.50.000000 AM UTC,201803021819,E83
ENR,34.163445,-118.501053,03-MAR-18 07.02.21.000000 AM UTC,201803021819,E83
ENR,34.169498,-118.501099,03-MAR-18 07.02.52.000000 AM UTC,201803021819,E83
ENR,34.179787,-118.501122,03-MAR-18 07.03.54.000000 AM UTC,201803021819,E83
ENR,34.186123,-118.501129,03-MAR-18 07.04.25.000000 AM UTC,201803021819,E83
ENR,34.186581,-118.503441,03-MAR-18 07.05.07.000000 AM UTC,201803021819,E83
ENR,34.161118,-118.500702,03-MAR-18 09.34.56.000000 AM UTC,201803030093,E83
ENR,34.161114,-118.500710,03-MAR-18 09.35.00.000000 AM UTC,201803030093,E83
ENR,34.161118,-118.500725,03-MAR-18 09.35.31.000000 AM UTC,201803030093,E83
ENR,34.161118,-118.500725,03-MAR-18 09.36.02.000000 AM UTC,201803030093,E83
ENR,34.161148,-118.500893,03-MAR-18 09.36.33.000000 AM UTC,201803030093,E83
ENR,34.164162,-118.501060,03-MAR-18 09.37.04.000000 AM UTC,201803030093,E83
ENR,34.169476,-118.501030,03-MAR-18 09.37.35.000000 AM UTC,201803030093,E83
ENR,34.168598,-118.498268,03-MAR-18 09.38.06.000000 AM UTC,201803030093,E83
ENR,34.165199,-118.491966,03-MAR-18 09.38.37.000000 AM UTC,201803030093,E83
ENR,34.165070,-118.484413,03-MAR-18 09.39.08.000000 AM UTC,201803030093,E83
ENR,34.165142,-118.479126,03-MAR-18 09.39.39.000000 AM UTC,201803030093,E83
ENR,34.165161,-118.478462,03-MAR-18 09.39.46.000000 AM UTC,201803030093,E83
ONS,34.165161,-118.478462,03-MAR-18 09.39.46.000000 AM UTC,201803030093,E83
ONS,34.165165,-118.477829,03-MAR-18 09.49.40.000000 AM UTC,201803030093,E83
ONS,34.164047,-118.474579,03-MAR-18 09.52.18.000000 AM UTC,201803030093,E83
ENR,34.161118,-118.500732,03-MAR-18 10.58.02.000000 PM UTC,201803030934,E83
ENR,34.161114,-118.500725,03-MAR-18 10.58.06.000000 PM UTC,201803030934,E83
ENR,34.161137,-118.500725,03-MAR-18 10.58.37.000000 PM UTC,201803030934,E83
ENR,34.161175,-118.500740,03-MAR-18 10.59.39.000000 PM UTC,201803030934,E83
ENR,34.162308,-118.501068,03-MAR-18 11.00.10.000000 PM UTC,201803030934,E83
ENR,34.167526,-118.501083,03-MAR-18 11.00.41.000000 PM UTC,201803030934,E83
ENR,34.171501,-118.501076,03-MAR-18 11.01.12.000000 PM UTC,201803030934,E83
ENR,34.179722,-118.501099,03-MAR-18 11.02.14.000000 PM UTC,201803030934,E83
ENR,34.185043,-118.501060,03-MAR-18 11.02.45.000000 PM UTC,201803030934,E83
ENR,34.193836,-118.501091,03-MAR-18 11.03.47.000000 PM UTC,201803030934,E83
ENR,34.193958,-118.502281,03-MAR-18 11.04.05.000000 PM UTC,201803030934,E83
ONS,34.193958,-118.502281,03-MAR-18 11.04.05.000000 PM UTC,201803030934,E83
ONS,34.193947,-118.503479,03-MAR-18 11.13.48.000000 PM UTC,201803030934,E83
ONS,34.193947,-118.503479,03-MAR-18 11.23.49.000000 PM UTC,201803030934,E83
ONS,34.193913,-118.504326,03-MAR-18 11.24.40.000000 PM UTC,201803030934,E83
ENR,34.161282,-118.500755,04-MAR-18 12.18.47.000000 AM UTC,201803031051,E83
ENR,34.161289,-118.500755,04-MAR-18 12.18.49.000000 AM UTC,201803031051,E83
ENR,34.161247,-118.500702,04-MAR-18 12.19.20.000000 AM UTC,201803031051,E83
ENR,34.161251,-118.500710,04-MAR-18 12.19.51.000000 AM UTC,201803031051,E83
ENR,34.160587,-118.501122,04-MAR-18 12.20.22.000000 AM UTC,201803031051,E83
ENR,34.158436,-118.497681,04-MAR-18 12.20.53.000000 AM UTC,201803031051,E83
ENR,34.157394,-118.491714,04-MAR-18 12.21.24.000000 AM UTC,201803031051,E83
ENR,34.157654,-118.492027,04-MAR-18 12.21.55.000000 AM UTC,201803031051,E83
ENR,34.157661,-118.492043,04-MAR-18 12.22.26.000000 AM UTC,201803031051,E83
ENR,34.157661,-118.492050,04-MAR-18 12.22.57.000000 AM UTC,201803031051,E83
ENR,34.157661,-118.492058,04-MAR-18 12.23.28.000000 AM UTC,201803031051,E83
ENR,34.157658,-118.492058,04-MAR-18 12.23.59.000000 AM UTC,201803031051,E83
ENR,34.157658,-118.492058,04-MAR-18 12.24.30.000000 AM UTC,201803031051,E83
ENR,34.157658,-118.492058,04-MAR-18 12.25.01.000000 AM UTC,201803031051,E83
ENR,34.157658,-118.492058,04-MAR-18 12.25.32.000000 AM UTC,201803031051,E83
ENR,34.157658,-118.492058,04-MAR-18 12.26.03.000000 AM UTC,201803031051,E83
ENR,34.157658,-118.492058,04-MAR-18 12.26.34.000000 AM UTC,201803031051,E83
ENR,34.157654,-118.492058,04-MAR-18 12.27.05.000000 AM UTC,201803031051,E83
ENR,34.157646,-118.492065,04-MAR-18 12.27.36.000000 AM UTC,201803031051,E83
ENR,34.157646,-118.492065,04-MAR-18 12.27.42.000000 AM UTC,201803031051,E83
ONS,34.157646,-118.492065,04-MAR-18 12.27.42.000000 AM UTC,201803031051,E83
ONS,34.193924,-118.508781,04-MAR-18 12.37.37.000000 AM UTC,201803031051,E83
ONS,34.194447,-118.503754,04-MAR-18 12.47.38.000000 AM UTC,201803031051,E83
ONS,34.219551,-118.532387,04-MAR-18 12.57.39.000000 AM UTC,201803031051,E83
ONS,34.195957,-118.536095,04-MAR-18 01.07.40.000000 AM UTC,201803031051,E83
ONS,34.172401,-118.501205,04-MAR-18 01.17.41.000000 AM UTC,201803031051,E83
ONS,34.161148,-118.500732,04-MAR-18 01.25.43.000000 AM UTC,201803031051,E83
ENR,34.161137,-118.500572,04-MAR-18 02.47.14.000000 AM UTC,201803031229,E83
ENR,34.161133,-118.500572,04-MAR-18 02.47.16.000000 AM UTC,201803031229,E83
ENR,34.161125,-118.500587,04-MAR-18 02.47.47.000000 AM UTC,201803031229,E83
ENR,34.161125,-118.500572,04-MAR-18 02.48.18.000000 AM UTC,201803031229,E83
ENR,34.161133,-118.500610,04-MAR-18 02.48.49.000000 AM UTC,201803031229,E83
ENR,34.159786,-118.501106,04-MAR-18 02.49.20.000000 AM UTC,201803031229,E83
ENR,34.158524,-118.498077,04-MAR-18 02.49.51.000000 AM UTC,201803031229,E83
ENR,34.157642,-118.492798,04-MAR-18 02.50.22.000000 AM UTC,201803031229,E83
ENR,34.157166,-118.489563,04-MAR-18 02.50.53.000000 AM UTC,201803031229,E83
ENR,34.158920,-118.487923,04-MAR-18 02.51.24.000000 AM UTC,201803031229,E83
ENR,34.160397,-118.487053,04-MAR-18 02.51.55.000000 AM UTC,201803031229,E83
ENR,34.160381,-118.486206,04-MAR-18 02.52.02.000000 AM UTC,201803031229,E83
ONS,34.160381,-118.486206,04-MAR-18 02.52.02.000000 AM UTC,201803031229,E83
ONS,34.159508,-118.486282,04-MAR-18 03.01.56.000000 AM UTC,201803031229,E83
ONS,34.158451,-118.495865,04-MAR-18 03.08.55.000000 AM UTC,201803031229,E83
ENR,34.161156,-118.500496,04-MAR-18 05.59.20.000000 AM UTC,201803031518,E83
ENR,34.161163,-118.500504,04-MAR-18 05.59.22.000000 AM UTC,201803031518,E83
ENR,34.161236,-118.500580,04-MAR-18 05.59.53.000000 AM UTC,201803031518,E83
ENR,34.161270,-118.500633,04-MAR-18 06.00.24.000000 AM UTC,201803031518,E83
ENR,34.161255,-118.500702,04-MAR-18 06.00.55.000000 AM UTC,201803031518,E83
ENR,34.161194,-118.500969,04-MAR-18 06.01.26.000000 AM UTC,201803031518,E83
ENR,34.159393,-118.501495,04-MAR-18 06.01.57.000000 AM UTC,201803031518,E83
ENR,34.160439,-118.506599,04-MAR-18 06.02.28.000000 AM UTC,201803031518,E83
ENR,34.161366,-118.513161,04-MAR-18 06.02.59.000000 AM UTC,201803031518,E83
ENR,34.162590,-118.518616,04-MAR-18 06.03.30.000000 AM UTC,201803031518,E83
ENR,34.165131,-118.518600,04-MAR-18 06.03.49.000000 AM UTC,201803031518,E83
ONS,34.165131,-118.518600,04-MAR-18 06.03.49.000000 AM UTC,201803031518,E83
ONS,34.165291,-118.518600,04-MAR-18 06.03.50.000000 AM UTC,201803031518,E83
ONS,34.165291,-118.518600,04-MAR-18 06.03.50.000000 AM UTC,201803031518,E83
ONS,34.165771,-118.518600,04-MAR-18 06.03.53.000000 AM UTC,201803031518,E83
ONS,34.165771,-118.518600,04-MAR-18 06.03.53.000000 AM UTC,201803031518,E83
ONS,34.167034,-118.518623,04-MAR-18 06.13.31.000000 AM UTC,201803031518,E83
ONS,34.165169,-118.518585,04-MAR-18 06.17.08.000000 AM UTC,201803031518,E83
ENR,34.161163,-118.500710,04-MAR-18 01.09.56.000000 PM UTC,201803040248,E83
ENR,34.161182,-118.500740,04-MAR-18 01.10.02.000000 PM UTC,201803040248,E83
ENR,34.161240,-118.500732,04-MAR-18 01.10.33.000000 PM UTC,201803040248,E83
ENR,34.161301,-118.500839,04-MAR-18 01.11.04.000000 PM UTC,201803040248,E83
ENR,34.161205,-118.500771,04-MAR-18 01.11.35.000000 PM UTC,201803040248,E83
ENR,34.161213,-118.500755,04-MAR-18 01.12.06.000000 PM UTC,201803040248,E83
ENR,34.162903,-118.501076,04-MAR-18 01.12.37.000000 PM UTC,201803040248,E83
ENR,34.168037,-118.501083,04-MAR-18 01.13.08.000000 PM UTC,201803040248,E83
ENR,34.171204,-118.502129,04-MAR-18 01.13.39.000000 PM UTC,201803040248,E83
ENR,34.171352,-118.509109,04-MAR-18 01.14.10.000000 PM UTC,201803040248,E83
ENR,34.171474,-118.517494,04-MAR-18 01.14.41.000000 PM UTC,201803040248,E83
ENR,34.170181,-118.518684,04-MAR-18 01.15.07.000000 PM UTC,201803040248,E83
ONS,34.170181,-118.518684,04-MAR-18 01.15.07.000000 PM UTC,201803040248,E83
ONS,34.164913,-118.518623,04-MAR-18 01.20.33.000000 PM UTC,201803040248,E83
ENR,34.161114,-118.500778,04-MAR-18 03.00.21.000000 PM UTC,201803040326,E83
ENR,34.161114,-118.500778,04-MAR-18 03.00.23.000000 PM UTC,201803040326,E83
ENR,34.161137,-118.500778,04-MAR-18 03.00.54.000000 PM UTC,201803040326,E83
ENR,34.161156,-118.500778,04-MAR-18 03.01.25.000000 PM UTC,201803040326,E83
ENR,34.161140,-118.500771,04-MAR-18 03.01.56.000000 PM UTC,201803040326,E83
ENR,34.161179,-118.501076,04-MAR-18 03.02.27.000000 PM UTC,201803040326,E83
ENR,34.165230,-118.501076,04-MAR-18 03.02.58.000000 PM UTC,201803040326,E83
ENR,34.170944,-118.501106,04-MAR-18 03.03.29.000000 PM UTC,201803040326,E83
ENR,34.172283,-118.504471,04-MAR-18 03.04.01.000000 PM UTC,201803040326,E83
ENR,34.171841,-118.509949,04-MAR-18 03.04.32.000000 PM UTC,201803040326,E83
ENR,34.170879,-118.512871,04-MAR-18 03.05.03.000000 PM UTC,201803040326,E83
ENR,34.169991,-118.514252,04-MAR-18 03.05.24.000000 PM UTC,201803040326,E83
ONS,34.169991,-118.514252,04-MAR-18 03.05.24.000000 PM UTC,201803040326,E83
ONS,34.168976,-118.514183,04-MAR-18 03.13.14.000000 PM UTC,201803040326,E83
ENR,34.161114,-118.500618,04-MAR-18 03.53.23.000000 PM UTC,201803040374,E83
ENR,34.161152,-118.500641,04-MAR-18 03.53.27.000000 PM UTC,201803040374,E83
ENR,34.161266,-118.500717,04-MAR-18 03.53.58.000000 PM UTC,201803040374,E83
ENR,34.161251,-118.500717,04-MAR-18 03.54.29.000000 PM UTC,201803040374,E83
ENR,34.161217,-118.500946,04-MAR-18 03.55.01.000000 PM UTC,201803040374,E83
ENR,34.164780,-118.501076,04-MAR-18 03.55.32.000000 PM UTC,201803040374,E83
ENR,34.169075,-118.501076,04-MAR-18 03.56.03.000000 PM UTC,201803040374,E83
ENR,34.172192,-118.502228,04-MAR-18 03.56.34.000000 PM UTC,201803040374,E83
ENR,34.172249,-118.509071,04-MAR-18 03.57.05.000000 PM UTC,201803040374,E83
ENR,34.175781,-118.509857,04-MAR-18 03.57.36.000000 PM UTC,201803040374,E83
ENR,34.177570,-118.510727,04-MAR-18 03.58.07.000000 PM UTC,201803040374,E83
ENR,34.177589,-118.512665,04-MAR-18 03.58.33.000000 PM UTC,201803040374,E83
ONS,34.177589,-118.512665,04-MAR-18 03.58.33.000000 PM UTC,201803040374,E83
ONS,34.177589,-118.512634,04-MAR-18 04.08.08.000000 PM UTC,201803040374,E83
ONS,34.177601,-118.512642,04-MAR-18 04.18.09.000000 PM UTC,201803040374,E83
ONS,34.177586,-118.512650,04-MAR-18 04.28.11.000000 PM UTC,201803040374,E83
ONS,34.165627,-118.501129,04-MAR-18 04.43.45.000000 PM UTC,201803040374,E83
ENR,34.150738,-118.514336,04-MAR-18 07.46.00.000000 PM UTC,201803040593,E83
ENR,34.150738,-118.514336,04-MAR-18 07.46.02.000000 PM UTC,201803040593,E83
ENR,34.150738,-118.514336,04-MAR-18 07.46.33.000000 PM UTC,201803040593,E83
ENR,34.150738,-118.514336,04-MAR-18 07.47.04.000000 PM UTC,201803040593,E83
ENR,34.150742,-118.514336,04-MAR-18 07.47.35.000000 PM UTC,201803040593,E83
ENR,34.150742,-118.514336,04-MAR-18 07.48.06.000000 PM UTC,201803040593,E83
ENR,34.150742,-118.514336,04-MAR-18 07.48.37.000000 PM UTC,201803040593,E83
ENR,34.161137,-118.500679,05-MAR-18 12.11.36.000000 AM UTC,201803040971,E83
ENR,34.161133,-118.500679,05-MAR-18 12.11.38.000000 AM UTC,201803040971,E83
ENR,34.161205,-118.500687,05-MAR-18 12.12.09.000000 AM UTC,201803040971,E83
ENR,34.161236,-118.500687,05-MAR-18 12.12.40.000000 AM UTC,201803040971,E83
ENR,34.161224,-118.500755,05-MAR-18 12.13.11.000000 AM UTC,201803040971,E83
ENR,34.160355,-118.501083,05-MAR-18 12.13.42.000000 AM UTC,201803040971,E83
ENR,34.158558,-118.498192,05-MAR-18 12.14.13.000000 AM UTC,201803040971,E83
ENR,34.158005,-118.494522,05-MAR-18 12.14.43.000000 AM UTC,201803040971,E83
ONS,34.158005,-118.494522,05-MAR-18 12.14.43.000000 AM UTC,201803040971,E83
ONS,34.161980,-118.494637,05-MAR-18 12.18.09.000000 AM UTC,201803040971,E83
ENR,34.161163,-118.500656,05-MAR-18 12.31.48.000000 AM UTC,201803040997,E83
ENR,34.161167,-118.500664,05-MAR-18 12.31.50.000000 AM UTC,201803040997,E83
ENR,34.161255,-118.500687,05-MAR-18 12.32.21.000000 AM UTC,201803040997,E83
ENR,34.161259,-118.500710,05-MAR-18 12.32.52.000000 AM UTC,201803040997,E83
ENR,34.159908,-118.501030,05-MAR-18 12.33.23.000000 AM UTC,201803040997,E83
ENR,34.159943,-118.503799,05-MAR-18 12.33.54.000000 AM UTC,201803040997,E83
ENR,34.160934,-118.509987,05-MAR-18 12.34.25.000000 AM UTC,201803040997,E83
ENR,34.161884,-118.516380,05-MAR-18 12.34.56.000000 AM UTC,201803040997,E83
ENR,34.161118,-118.518661,05-MAR-18 12.35.27.000000 AM UTC,201803040997,E83
ENR,34.157364,-118.518646,05-MAR-18 12.35.58.000000 AM UTC,201803040997,E83
ENR,34.155144,-118.520203,05-MAR-18 12.36.29.000000 AM UTC,201803040997,E83
ENR,34.153934,-118.521690,05-MAR-18 12.37.00.000000 AM UTC,201803040997,E83
ENR,34.152309,-118.522453,05-MAR-18 12.37.21.000000 AM UTC,201803040997,E83
ONS,34.152309,-118.522453,05-MAR-18 12.37.21.000000 AM UTC,201803040997,E83
ONS,34.150997,-118.522263,05-MAR-18 12.47.01.000000 AM UTC,201803040997,E83
ONS,34.150993,-118.522255,05-MAR-18 12.57.02.000000 AM UTC,201803040997,E83
ONS,34.150997,-118.522263,05-MAR-18 01.07.03.000000 AM UTC,201803040997,E83
ONS,34.151978,-118.521217,05-MAR-18 01.08.50.000000 AM UTC,201803040997,E83
ENR,34.161182,-118.500481,05-MAR-18 02.11.11.000000 AM UTC,201803041168,E83
ENR,34.161186,-118.500473,05-MAR-18 02.11.13.000000 AM UTC,201803041168,E83
ENR,34.161236,-118.500389,05-MAR-18 02.11.44.000000 AM UTC,201803041168,E83
ENR,34.161156,-118.500748,05-MAR-18 02.12.16.000000 AM UTC,201803041168,E83
ENR,34.159351,-118.501442,05-MAR-18 02.12.47.000000 AM UTC,201803041168,E83
ENR,34.160488,-118.507088,05-MAR-18 02.13.18.000000 AM UTC,201803041168,E83
ENR,34.161362,-118.513168,05-MAR-18 02.13.49.000000 AM UTC,201803041168,E83
ENR,34.162708,-118.519440,05-MAR-18 02.14.20.000000 AM UTC,201803041168,E83
ENR,34.164997,-118.520317,05-MAR-18 02.14.51.000000 AM UTC,201803041168,E83
ENR,34.167068,-118.520294,05-MAR-18 02.15.22.000000 AM UTC,201803041168,E83
ENR,34.167885,-118.520325,05-MAR-18 02.15.38.000000 AM UTC,201803041168,E83
ONS,34.167885,-118.520325,05-MAR-18 02.15.38.000000 AM UTC,201803041168,E83
ONS,34.167877,-118.520264,05-MAR-18 02.25.23.000000 AM UTC,201803041168,E83
ONS,34.167889,-118.520256,05-MAR-18 02.35.24.000000 AM UTC,201803041168,E83
ONS,34.167904,-118.520294,05-MAR-18 02.45.25.000000 AM UTC,201803041168,E83
ONS,34.167889,-118.520325,05-MAR-18 02.55.26.000000 AM UTC,201803041168,E83
ONS,34.168625,-118.519623,05-MAR-18 02.58.45.000000 AM UTC,201803041168,E83
ENR,34.161217,-118.500526,05-MAR-18 05.38.55.000000 AM UTC,201803041450,E83
ENR,34.161217,-118.500526,05-MAR-18 05.38.57.000000 AM UTC,201803041450,E83
ENR,34.161171,-118.500603,05-MAR-18 05.39.28.000000 AM UTC,201803041450,E83
ENR,34.161236,-118.500549,05-MAR-18 05.39.59.000000 AM UTC,201803041450,E83
ENR,34.160053,-118.500999,05-MAR-18 05.40.30.000000 AM UTC,201803041450,E83
ENR,34.159885,-118.503571,05-MAR-18 05.41.01.000000 AM UTC,201803041450,E83
ENR,34.160877,-118.509644,05-MAR-18 05.41.32.000000 AM UTC,201803041450,E83
ENR,34.161816,-118.516037,05-MAR-18 05.42.03.000000 AM UTC,201803041450,E83
ENR,34.163338,-118.521400,05-MAR-18 05.42.34.000000 AM UTC,201803041450,E83
ENR,34.164013,-118.522057,05-MAR-18 05.43.01.000000 AM UTC,201803041450,E83
ONS,34.164013,-118.522057,05-MAR-18 05.43.01.000000 AM UTC,201803041450,E83
ONS,34.164001,-118.522026,05-MAR-18 05.52.35.000000 AM UTC,201803041450,E83
ONS,34.165382,-118.521614,05-MAR-18 05.53.41.000000 AM UTC,201803041450,E83
ENR,34.161034,-118.500702,05-MAR-18 06.27.10.000000 AM UTC,201803041499,E83
ENR,34.161037,-118.500702,05-MAR-18 06.27.12.000000 AM UTC,201803041499,E83
ENR,34.161018,-118.500694,05-MAR-18 06.27.43.000000 AM UTC,201803041499,E83
ENR,34.161026,-118.500671,05-MAR-18 06.28.14.000000 AM UTC,201803041499,E83
ENR,34.161003,-118.500626,05-MAR-18 06.28.45.000000 AM UTC,201803041499,E83
ENR,34.162457,-118.501045,05-MAR-18 06.29.16.000000 AM UTC,201803041499,E83
ENR,34.168133,-118.501053,05-MAR-18 06.29.47.000000 AM UTC,201803041499,E83
ENR,34.171967,-118.501068,05-MAR-18 06.30.18.000000 AM UTC,201803041499,E83
ENR,34.172215,-118.503258,05-MAR-18 06.30.49.000000 AM UTC,201803041499,E83
ENR,34.172287,-118.509773,05-MAR-18 06.31.20.000000 AM UTC,201803041499,E83
ENR,34.172749,-118.514252,05-MAR-18 06.31.51.000000 AM UTC,201803041499,E83
ENR,34.174606,-118.513252,05-MAR-18 06.32.22.000000 AM UTC,201803041499,E83
ENR,34.175423,-118.513184,05-MAR-18 06.32.40.000000 AM UTC,201803041499,E83
ONS,34.175423,-118.513184,05-MAR-18 06.32.40.000000 AM UTC,201803041499,E83
ONS,34.175468,-118.513191,05-MAR-18 06.42.23.000000 AM UTC,201803041499,E83
ONS,34.171139,-118.509857,05-MAR-18 06.45.55.000000 AM UTC,201803041499,E83
