UNIT_STATUS,LATITUDE,LONGITUDE,UTC_TIME,INCIDENT_NBR
ENR,34.005470,-118.428505,24-DEC-17 11.29.08.000000 AM UTC,201712240180
ENR,34.005512,-118.428490,24-DEC-17 11.29.11.000000 AM UTC,201712240180
ENR,34.005550,-118.428673,24-DEC-17 11.29.42.000000 AM UTC,201712240180
ENR,34.005669,-118.428825,24-DEC-17 11.30.13.000000 AM UTC,201712240180
ENR,34.005692,-118.428757,24-DEC-17 11.30.44.000000 AM UTC,201712240180
ENR,34.005665,-118.428787,24-DEC-17 11.31.15.000000 AM UTC,201712240180
ENR,34.005085,-118.428368,24-DEC-17 11.31.46.000000 AM UTC,201712240180
ENR,34.002441,-118.426476,24-DEC-17 11.32.17.000000 AM UTC,201712240180
ENR,34.001392,-118.428497,24-DEC-17 11.32.38.000000 AM UTC,201712240180
ONS,34.001392,-118.428497,24-DEC-17 11.32.38.000000 AM UTC,201712240180
ONS,34.002243,-118.429001,24-DEC-17 11.42.18.000000 AM UTC,201712240180
ONS,34.002216,-118.429092,24-DEC-17 11.52.19.000000 AM UTC,201712240180
ONS,34.002239,-118.429100,24-DEC-17 12.02.20.000000 PM UTC,201712240180
ONS,34.005508,-118.428154,24-DEC-17 12.05.23.000000 PM UTC,201712240180
ENR,34.005798,-118.428474,24-DEC-17 01.30.28.000000 PM UTC,201712240242
ENR,34.005814,-118.428467,24-DEC-17 01.30.31.000000 PM UTC,201712240242
ENR,34.005779,-118.428558,24-DEC-17 01.31.02.000000 PM UTC,201712240242
ENR,34.005703,-118.428574,24-DEC-17 01.31.33.000000 PM UTC,201712240242
ENR,34.005276,-118.428429,24-DEC-17 01.32.04.000000 PM UTC,201712240242
ENR,34.001968,-118.425705,24-DEC-17 01.32.35.000000 PM UTC,201712240242
ENR,33.999214,-118.423470,24-DEC-17 01.33.06.000000 PM UTC,201712240242
ENR,33.996277,-118.420052,24-DEC-17 01.33.37.000000 PM UTC,201712240242
ENR,33.992905,-118.414909,24-DEC-17 01.34.08.000000 PM UTC,201712240242
ENR,33.991753,-118.412567,24-DEC-17 01.34.39.000000 PM UTC,201712240242
ENR,33.991787,-118.412422,24-DEC-17 01.34.43.000000 PM UTC,201712240242
ONS,33.991787,-118.412422,24-DEC-17 01.34.43.000000 PM UTC,201712240242
ONS,33.993290,-118.409500,24-DEC-17 01.44.40.000000 PM UTC,201712240242
ONS,33.992973,-118.414810,24-DEC-17 01.52.13.000000 PM UTC,201712240242
ENR,34.006218,-118.428413,24-DEC-17 08.04.20.000000 PM UTC,201712240644
ENR,34.006195,-118.428406,24-DEC-17 08.04.22.000000 PM UTC,201712240644
ENR,34.005898,-118.428360,24-DEC-17 08.04.53.000000 PM UTC,201712240644
ENR,34.005672,-118.428291,24-DEC-17 08.05.24.000000 PM UTC,201712240644
ENR,34.003777,-118.427063,24-DEC-17 08.05.55.000000 PM UTC,201712240644
ENR,34.000927,-118.424789,24-DEC-17 08.06.26.000000 PM UTC,201712240644
ENR,33.997116,-118.421364,24-DEC-17 08.06.57.000000 PM UTC,201712240644
ENR,33.994595,-118.417542,24-DEC-17 08.07.28.000000 PM UTC,201712240644
ENR,33.991768,-118.413635,24-DEC-17 08.07.59.000000 PM UTC,201712240644
ENR,33.991676,-118.412117,24-DEC-17 08.08.22.000000 PM UTC,201712240644
ONS,33.991676,-118.412117,24-DEC-17 08.08.22.000000 PM UTC,201712240644
ONS,33.991974,-118.410072,24-DEC-17 08.08.58.000000 PM UTC,201712240644
ONS,33.991974,-118.410072,24-DEC-17 08.08.58.000000 PM UTC,201712240644
ONS,33.992310,-118.409599,24-DEC-17 08.17.31.000000 PM UTC,201712240644
ENR,34.005867,-118.428398,24-DEC-17 09.29.27.000000 PM UTC,201712240780
ENR,34.005890,-118.428406,24-DEC-17 09.29.31.000000 PM UTC,201712240780
ENR,34.005886,-118.428436,24-DEC-17 09.30.02.000000 PM UTC,201712240780
ENR,34.005848,-118.428505,24-DEC-17 09.30.33.000000 PM UTC,201712240780
ENR,34.002956,-118.426399,24-DEC-17 09.31.04.000000 PM UTC,201712240780
ENR,34.000809,-118.427620,24-DEC-17 09.31.35.000000 PM UTC,201712240780
ENR,33.998486,-118.429726,24-DEC-17 09.32.06.000000 PM UTC,201712240780
ENR,33.997185,-118.428749,24-DEC-17 09.32.17.000000 PM UTC,201712240780
ONS,33.997185,-118.428749,24-DEC-17 09.32.17.000000 PM UTC,201712240780
ONS,33.996960,-118.427750,24-DEC-17 09.42.07.000000 PM UTC,201712240780
ONS,34.001808,-118.425369,24-DEC-17 09.46.13.000000 PM UTC,201712240780
ENR,34.005775,-118.428406,24-DEC-17 11.13.33.000000 PM UTC,201712240958
ENR,34.005783,-118.428383,24-DEC-17 11.13.45.000000 PM UTC,201712240958
ENR,34.005741,-118.428322,24-DEC-17 11.14.16.000000 PM UTC,201712240958
ENR,34.005943,-118.428780,24-DEC-17 11.14.47.000000 PM UTC,201712240958
ENR,34.005234,-118.430779,24-DEC-17 11.15.18.000000 PM UTC,201712240958
ENR,34.003098,-118.434898,24-DEC-17 11.15.49.000000 PM UTC,201712240958
ENR,33.999920,-118.441185,24-DEC-17 11.16.20.000000 PM UTC,201712240958
ENR,33.997757,-118.445549,24-DEC-17 11.16.43.000000 PM UTC,201712240958
ONS,33.997757,-118.445549,24-DEC-17 11.16.43.000000 PM UTC,201712240958
ONS,33.998978,-118.446556,24-DEC-17 11.26.21.000000 PM UTC,201712240958
ONS,33.999264,-118.446800,24-DEC-17 11.28.20.000000 PM UTC,201712240958
ENR,34.005829,-118.428246,24-DEC-17 11.43.13.000000 PM UTC,201712240996
ENR,34.005829,-118.428253,24-DEC-17 11.43.16.000000 PM UTC,201712240996
ENR,34.005852,-118.428337,24-DEC-17 11.43.47.000000 PM UTC,201712240996
ENR,34.005604,-118.430229,24-DEC-17 11.44.18.000000 PM UTC,201712240996
ENR,34.004143,-118.433273,24-DEC-17 11.44.41.000000 PM UTC,201712240996
ONS,34.004143,-118.433273,24-DEC-17 11.44.41.000000 PM UTC,201712240996
ONS,34.004921,-118.433746,24-DEC-17 11.54.19.000000 PM UTC,201712240996
ONS,34.005062,-118.434021,24-DEC-17 11.57.43.000000 PM UTC,201712240996
ENR,34.005840,-118.428307,25-DEC-17 12.48.35.000000 AM UTC,201712241109
ENR,34.005848,-118.428307,25-DEC-17 12.48.38.000000 AM UTC,201712241109
ENR,34.005871,-118.428307,25-DEC-17 12.49.09.000000 AM UTC,201712241109
ENR,34.005772,-118.428238,25-DEC-17 12.49.40.000000 AM UTC,201712241109
ENR,34.005882,-118.428223,25-DEC-17 12.50.11.000000 AM UTC,201712241109
ENR,34.005741,-118.428360,25-DEC-17 12.50.42.000000 AM UTC,201712241109
ENR,34.000324,-118.428604,25-DEC-17 12.51.44.000000 AM UTC,201712241109
ENR,33.998165,-118.433037,25-DEC-17 12.52.15.000000 AM UTC,201712241109
ENR,33.996201,-118.436478,25-DEC-17 12.52.37.000000 AM UTC,201712241109
ONS,33.996201,-118.436478,25-DEC-17 12.52.37.000000 AM UTC,201712241109
ONS,33.998123,-118.438766,25-DEC-17 01.00.50.000000 AM UTC,201712241109
ENR,34.005699,-118.428429,25-DEC-17 03.22.06.000000 AM UTC,201712241330
ENR,34.005703,-118.428444,25-DEC-17 03.22.13.000000 AM UTC,201712241330
ENR,34.005653,-118.428497,25-DEC-17 03.22.44.000000 AM UTC,201712241330
ENR,34.005665,-118.428329,25-DEC-17 03.23.15.000000 AM UTC,201712241330
ENR,34.005871,-118.428825,25-DEC-17 03.23.46.000000 AM UTC,201712241330
ENR,34.004272,-118.432549,25-DEC-17 03.24.17.000000 AM UTC,201712241330
ENR,34.003609,-118.436089,25-DEC-17 03.24.48.000000 AM UTC,201712241330
ENR,34.005711,-118.437637,25-DEC-17 03.25.19.000000 AM UTC,201712241330
ENR,34.006397,-118.438606,25-DEC-17 03.25.38.000000 AM UTC,201712241330
ONS,34.006397,-118.438606,25-DEC-17 03.25.38.000000 AM UTC,201712241330
ONS,34.007744,-118.439545,25-DEC-17 03.28.05.000000 AM UTC,201712241330
ENR,34.005753,-118.428467,25-DEC-17 04.28.53.000000 AM UTC,201712241421
ENR,34.005749,-118.428474,25-DEC-17 04.28.56.000000 AM UTC,201712241421
ENR,34.004238,-118.427467,25-DEC-17 04.29.27.000000 AM UTC,201712241421
ENR,34.001045,-118.424904,25-DEC-17 04.29.58.000000 AM UTC,201712241421
ENR,33.996971,-118.421112,25-DEC-17 04.30.29.000000 AM UTC,201712241421
ENR,33.996143,-118.416672,25-DEC-17 04.31.00.000000 AM UTC,201712241421
ENR,33.997372,-118.412880,25-DEC-17 04.31.31.000000 AM UTC,201712241421
ENR,33.994701,-118.408638,25-DEC-17 04.32.02.000000 AM UTC,201712241421
ENR,33.994232,-118.407906,25-DEC-17 04.32.33.000000 AM UTC,201712241421
ENR,33.994240,-118.407921,25-DEC-17 04.33.04.000000 AM UTC,201712241421
ENR,33.994244,-118.407928,25-DEC-17 04.33.35.000000 AM UTC,201712241421
ENR,33.994244,-118.407936,25-DEC-17 04.34.06.000000 AM UTC,201712241421
ENR,33.994240,-118.407936,25-DEC-17 04.34.37.000000 AM UTC,201712241421
ENR,33.994236,-118.407936,25-DEC-17 04.35.08.000000 AM UTC,201712241421
ENR,33.993786,-118.407188,25-DEC-17 04.35.39.000000 AM UTC,201712241421
ENR,33.994598,-118.408424,25-DEC-17 04.36.10.000000 AM UTC,201712241421
ENR,33.996487,-118.411324,25-DEC-17 04.36.41.000000 AM UTC,201712241421
ENR,33.995029,-118.412781,25-DEC-17 04.37.12.000000 AM UTC,201712241421
ENR,33.994446,-118.413208,25-DEC-17 04.37.21.000000 AM UTC,201712241421
ENR,34.005619,-118.428558,25-DEC-17 05.12.59.000000 AM UTC,201712241472
ENR,34.005619,-118.428551,25-DEC-17 05.13.01.000000 AM UTC,201712241472
ENR,34.006081,-118.429329,25-DEC-17 05.13.32.000000 AM UTC,201712241472
ENR,34.003609,-118.433800,25-DEC-17 05.14.03.000000 AM UTC,201712241472
ENR,33.999928,-118.441200,25-DEC-17 05.14.34.000000 AM UTC,201712241472
ENR,33.995613,-118.449776,25-DEC-17 05.15.05.000000 AM UTC,201712241472
ENR,33.995388,-118.455544,25-DEC-17 05.15.36.000000 AM UTC,201712241472
ENR,33.998142,-118.461258,25-DEC-17 05.16.07.000000 AM UTC,201712241472
ENR,33.996944,-118.464088,25-DEC-17 05.16.38.000000 AM UTC,201712241472
ENR,33.996479,-118.465935,25-DEC-17 05.17.09.000000 AM UTC,201712241472
ENR,33.998074,-118.463852,25-DEC-17 05.17.40.000000 AM UTC,201712241472
ENR,33.998001,-118.461029,25-DEC-17 05.18.11.000000 AM UTC,201712241472
ENR,33.996445,-118.460800,25-DEC-17 05.18.42.000000 AM UTC,201712241472
ENR,33.995968,-118.461189,25-DEC-17 05.19.13.000000 AM UTC,201712241472
ENR,33.997486,-118.461311,25-DEC-17 05.19.44.000000 AM UTC,201712241472
ENR,34.005665,-118.428497,25-DEC-17 09.48.38.000000 AM UTC,201712250120
ENR,34.005634,-118.428528,25-DEC-17 09.48.39.000000 AM UTC,201712250120
ENR,34.005447,-118.428726,25-DEC-17 09.49.11.000000 AM UTC,201712250120
ENR,34.005676,-118.428406,25-DEC-17 09.49.42.000000 AM UTC,201712250120
ENR,34.005550,-118.428719,25-DEC-17 09.50.13.000000 AM UTC,201712250120
ENR,34.005638,-118.428596,25-DEC-17 09.50.44.000000 AM UTC,201712250120
ENR,34.004047,-118.427338,25-DEC-17 09.51.15.000000 AM UTC,201712250120
ENR,34.001549,-118.425316,25-DEC-17 09.51.46.000000 AM UTC,201712250120
ENR,33.997719,-118.422279,25-DEC-17 09.52.17.000000 AM UTC,201712250120
ENR,33.995247,-118.418480,25-DEC-17 09.52.48.000000 AM UTC,201712250120
ENR,33.994732,-118.417786,25-DEC-17 09.52.57.000000 AM UTC,201712250120
ONS,33.994732,-118.417786,25-DEC-17 09.52.57.000000 AM UTC,201712250120
ONS,34.000092,-118.424049,25-DEC-17 10.01.38.000000 AM UTC,201712250120
ENR,34.005650,-118.428467,25-DEC-17 10.24.55.000000 AM UTC,201712250151
ENR,34.005646,-118.428474,25-DEC-17 10.24.57.000000 AM UTC,201712250151
ENR,34.005615,-118.428596,25-DEC-17 10.25.28.000000 AM UTC,201712250151
ENR,34.005615,-118.428574,25-DEC-17 10.25.59.000000 AM UTC,201712250151
ENR,34.005386,-118.428535,25-DEC-17 10.26.30.000000 AM UTC,201712250151
ENR,34.002174,-118.425888,25-DEC-17 10.27.01.000000 AM UTC,201712250151
ENR,33.999352,-118.423592,25-DEC-17 10.27.32.000000 AM UTC,201712250151
ENR,33.996799,-118.420876,25-DEC-17 10.28.03.000000 AM UTC,201712250151
ENR,33.996723,-118.420761,25-DEC-17 10.28.04.000000 AM UTC,201712250151
ONS,33.996723,-118.420761,25-DEC-17 10.28.04.000000 AM UTC,201712250151
ONS,33.993584,-118.415756,25-DEC-17 10.38.04.000000 AM UTC,201712250151
ONS,33.999531,-118.423576,25-DEC-17 10.40.33.000000 AM UTC,201712250151
ENR,34.005733,-118.428429,25-DEC-17 01.49.43.000000 PM UTC,201712250308
ENR,34.005722,-118.428429,25-DEC-17 01.49.46.000000 PM UTC,201712250308
ENR,34.005711,-118.428383,25-DEC-17 01.50.17.000000 PM UTC,201712250308
ENR,34.005795,-118.428413,25-DEC-17 01.51.19.000000 PM UTC,201712250308
ENR,34.005814,-118.428398,25-DEC-17 01.51.50.000000 PM UTC,201712250308
ENR,34.004517,-118.427635,25-DEC-17 01.52.21.000000 PM UTC,201712250308
ENR,34.002155,-118.424911,25-DEC-17 01.52.52.000000 PM UTC,201712250308
ENR,34.005016,-118.420128,25-DEC-17 01.53.23.000000 PM UTC,201712250308
ENR,34.006805,-118.416100,25-DEC-17 01.53.54.000000 PM UTC,201712250308
ENR,34.003601,-118.413734,25-DEC-17 01.54.25.000000 PM UTC,201712250308
ENR,34.001446,-118.409592,25-DEC-17 01.54.56.000000 PM UTC,201712250308
ENR,33.998913,-118.406250,25-DEC-17 01.55.22.000000 PM UTC,201712250308
ONS,33.998913,-118.406250,25-DEC-17 01.55.22.000000 PM UTC,201712250308
ONS,33.998791,-118.405907,25-DEC-17 02.04.57.000000 PM UTC,201712250308
ONS,34.000523,-118.408684,25-DEC-17 02.11.01.000000 PM UTC,201712250308
ENR,34.005878,-118.428505,25-DEC-17 05.13.57.000000 PM UTC,201712250470
ENR,34.005878,-118.428505,25-DEC-17 05.13.59.000000 PM UTC,201712250470
ENR,34.005867,-118.428459,25-DEC-17 05.14.30.000000 PM UTC,201712250470
ENR,34.005836,-118.428421,25-DEC-17 05.15.01.000000 PM UTC,201712250470
ENR,34.005741,-118.428436,25-DEC-17 05.15.32.000000 PM UTC,201712250470
ENR,34.005932,-118.429596,25-DEC-17 05.16.03.000000 PM UTC,201712250470
ENR,34.004158,-118.432869,25-DEC-17 05.16.34.000000 PM UTC,201712250470
ENR,34.006325,-118.435638,25-DEC-17 05.17.05.000000 PM UTC,201712250470
ENR,34.005215,-118.438263,25-DEC-17 05.17.36.000000 PM UTC,201712250470
ENR,34.004623,-118.439293,25-DEC-17 05.17.50.000000 PM UTC,201712250470
ONS,34.004623,-118.439293,25-DEC-17 05.17.50.000000 PM UTC,201712250470
ONS,34.004402,-118.439133,25-DEC-17 05.27.37.000000 PM UTC,201712250470
ONS,34.003704,-118.437485,25-DEC-17 05.35.42.000000 PM UTC,201712250470
ENR,33.999123,-118.429413,25-DEC-17 07.38.14.000000 PM UTC,201712250663
ENR,33.999123,-118.429413,25-DEC-17 07.38.16.000000 PM UTC,201712250663
ENR,33.999119,-118.429420,25-DEC-17 07.38.47.000000 PM UTC,201712250663
ENR,33.999104,-118.429382,25-DEC-17 07.39.18.000000 PM UTC,201712250663
ENR,33.998909,-118.429901,25-DEC-17 07.39.49.000000 PM UTC,201712250663
ENR,33.995785,-118.427155,25-DEC-17 07.40.20.000000 PM UTC,201712250663
ENR,33.991207,-118.421211,25-DEC-17 07.40.51.000000 PM UTC,201712250663
ENR,33.986664,-118.415611,25-DEC-17 07.41.22.000000 PM UTC,201712250663
ENR,33.981697,-118.409729,25-DEC-17 07.41.53.000000 PM UTC,201712250663
ENR,33.979416,-118.413383,25-DEC-17 07.42.24.000000 PM UTC,201712250663
ENR,33.976044,-118.421288,25-DEC-17 07.42.55.000000 PM UTC,201712250663
ENR,33.973450,-118.427597,25-DEC-17 07.43.26.000000 PM UTC,201712250663
ENR,33.974350,-118.427986,25-DEC-17 07.43.36.000000 PM UTC,201712250663
ONS,33.974350,-118.427986,25-DEC-17 07.43.36.000000 PM UTC,201712250663
ONS,33.975578,-118.428581,25-DEC-17 07.53.27.000000 PM UTC,201712250663
ONS,33.974094,-118.427917,25-DEC-17 07.55.23.000000 PM UTC,201712250663
ENR,34.005939,-118.428345,25-DEC-17 08.51.23.000000 PM UTC,201712250755
ENR,34.005947,-118.428360,25-DEC-17 08.51.29.000000 PM UTC,201712250755
ENR,34.005882,-118.428360,25-DEC-17 08.52.00.000000 PM UTC,201712250755
ENR,34.006046,-118.428833,25-DEC-17 08.52.31.000000 PM UTC,201712250755
ENR,34.004173,-118.432793,25-DEC-17 08.53.02.000000 PM UTC,201712250755
ENR,34.000614,-118.439850,25-DEC-17 08.53.33.000000 PM UTC,201712250755
ENR,33.997402,-118.446281,25-DEC-17 08.54.04.000000 PM UTC,201712250755
ENR,34.000721,-118.449081,25-DEC-17 08.54.35.000000 PM UTC,201712250755
ENR,34.005493,-118.452682,25-DEC-17 08.55.06.000000 PM UTC,201712250755
ENR,34.009422,-118.455673,25-DEC-17 08.55.37.000000 PM UTC,201712250755
ENR,34.010696,-118.453835,25-DEC-17 08.56.04.000000 PM UTC,201712250755
ONS,34.010696,-118.453835,25-DEC-17 08.56.04.000000 PM UTC,201712250755
ONS,34.010750,-118.453621,25-DEC-17 09.05.38.000000 PM UTC,201712250755
ONS,34.011620,-118.451996,25-DEC-17 09.15.23.000000 PM UTC,201712250755
ENR,34.013397,-118.448601,25-DEC-17 09.16.28.000000 PM UTC,201712250784
ENR,34.013416,-118.448570,25-DEC-17 09.16.29.000000 PM UTC,201712250784
ENR,34.014004,-118.446480,25-DEC-17 09.17.00.000000 PM UTC,201712250784
ENR,34.013557,-118.444252,25-DEC-17 09.17.31.000000 PM UTC,201712250784
ENR,34.014065,-118.441513,25-DEC-17 09.18.02.000000 PM UTC,201712250784
ENR,34.009357,-118.437927,25-DEC-17 09.18.33.000000 PM UTC,201712250784
ENR,34.004093,-118.433853,25-DEC-17 09.19.04.000000 PM UTC,201712250784
ENR,33.999817,-118.430649,25-DEC-17 09.19.35.000000 PM UTC,201712250784
ENR,34.001282,-118.426453,25-DEC-17 09.20.06.000000 PM UTC,201712250784
ENR,34.002560,-118.424324,25-DEC-17 09.20.26.000000 PM UTC,201712250784
ONS,34.002560,-118.424324,25-DEC-17 09.20.26.000000 PM UTC,201712250784
ONS,34.003269,-118.423180,25-DEC-17 09.27.19.000000 PM UTC,201712250784
ENR,34.005787,-118.428299,25-DEC-17 11.50.20.000000 PM UTC,201712250986
ENR,34.005787,-118.428299,25-DEC-17 11.50.22.000000 PM UTC,201712250986
ENR,34.005806,-118.428360,25-DEC-17 11.50.53.000000 PM UTC,201712250986
ENR,34.005661,-118.428436,25-DEC-17 11.51.55.000000 PM UTC,201712250986
ENR,34.008453,-118.423355,25-DEC-17 11.52.57.000000 PM UTC,201712250986
ENR,34.008003,-118.422997,25-DEC-17 11.53.06.000000 PM UTC,201712250986
ONS,34.008003,-118.422997,25-DEC-17 11.53.06.000000 PM UTC,201712250986
ONS,34.007401,-118.422523,26-DEC-17 12.02.58.000000 AM UTC,201712250986
ONS,34.007412,-118.422523,26-DEC-17 12.12.59.000000 AM UTC,201712250986
ONS,34.004982,-118.420639,26-DEC-17 12.14.28.000000 AM UTC,201712250986
ENR,34.005836,-118.428429,26-DEC-17 02.40.18.000000 AM UTC,201712251214
ENR,34.005772,-118.428436,26-DEC-17 02.40.37.000000 AM UTC,201712251214
ENR,34.005756,-118.428436,26-DEC-17 02.41.08.000000 AM UTC,201712251214
ENR,34.005386,-118.430519,26-DEC-17 02.41.39.000000 AM UTC,201712251214
ENR,34.004578,-118.434235,26-DEC-17 02.42.10.000000 AM UTC,201712251214
ENR,34.009415,-118.437904,26-DEC-17 02.42.41.000000 AM UTC,201712251214
ENR,34.009090,-118.441238,26-DEC-17 02.43.12.000000 AM UTC,201712251214
ENR,34.008282,-118.444054,26-DEC-17 02.43.43.000000 AM UTC,201712251214
ENR,34.009293,-118.444817,26-DEC-17 02.43.55.000000 AM UTC,201712251214
ONS,34.009293,-118.444817,26-DEC-17 02.43.55.000000 AM UTC,201712251214
ONS,34.009651,-118.445045,26-DEC-17 02.53.44.000000 AM UTC,201712251214
ONS,34.009651,-118.445030,26-DEC-17 03.03.45.000000 AM UTC,201712251214
ONS,34.011257,-118.446274,26-DEC-17 03.09.01.000000 AM UTC,201712251214
ENR,34.005802,-118.428307,26-DEC-17 04.40.51.000000 AM UTC,201712251389
ENR,34.005787,-118.428284,26-DEC-17 04.40.53.000000 AM UTC,201712251389
ENR,34.005741,-118.428474,26-DEC-17 04.41.24.000000 AM UTC,201712251389
ENR,34.005093,-118.431068,26-DEC-17 04.41.55.000000 AM UTC,201712251389
ENR,34.007729,-118.433334,26-DEC-17 04.42.26.000000 AM UTC,201712251389
ENR,34.010086,-118.435181,26-DEC-17 04.42.57.000000 AM UTC,201712251389
ENR,34.011349,-118.436195,26-DEC-17 04.43.14.000000 AM UTC,201712251389
ONS,34.011349,-118.436195,26-DEC-17 04.43.14.000000 AM UTC,201712251389
ONS,34.011532,-118.436325,26-DEC-17 04.52.58.000000 AM UTC,201712251389
ONS,34.011543,-118.436325,26-DEC-17 04.55.12.000000 AM UTC,201712251389
ENR,34.005817,-118.428474,26-DEC-17 02.39.55.000000 PM UTC,201712260282
ENR,34.005684,-118.428467,26-DEC-17 02.40.16.000000 PM UTC,201712260282
ENR,34.005733,-118.428558,26-DEC-17 02.40.47.000000 PM UTC,201712260282
ENR,34.005772,-118.428558,26-DEC-17 02.41.18.000000 PM UTC,201712260282
ENR,34.005722,-118.428558,26-DEC-17 02.41.49.000000 PM UTC,201712260282
ENR,34.006161,-118.429253,26-DEC-17 02.42.20.000000 PM UTC,201712260282
ENR,34.003948,-118.433159,26-DEC-17 02.42.51.000000 PM UTC,201712260282
ENR,34.007126,-118.436226,26-DEC-17 02.43.22.000000 PM UTC,201712260282
ENR,34.011539,-118.439552,26-DEC-17 02.43.53.000000 PM UTC,201712260282
ENR,34.016277,-118.443123,26-DEC-17 02.44.24.000000 PM UTC,201712260282
ENR,34.019588,-118.444405,26-DEC-17 02.44.55.000000 PM UTC,201712260282
ENR,34.018288,-118.443924,26-DEC-17 02.45.22.000000 PM UTC,201712260282
ONS,34.018288,-118.443924,26-DEC-17 02.45.22.000000 PM UTC,201712260282
ONS,34.018364,-118.443954,26-DEC-17 02.54.56.000000 PM UTC,201712260282
ONS,34.014263,-118.441704,26-DEC-17 03.04.22.000000 PM UTC,201712260282
ENR,34.005810,-118.428444,26-DEC-17 05.02.52.000000 PM UTC,201712260420
ENR,34.005814,-118.428452,26-DEC-17 05.02.54.000000 PM UTC,201712260420
ENR,34.005760,-118.428421,26-DEC-17 05.03.25.000000 PM UTC,201712260420
ENR,34.005772,-118.428413,26-DEC-17 05.03.56.000000 PM UTC,201712260420
ENR,34.005871,-118.428642,26-DEC-17 05.04.27.000000 PM UTC,201712260420
ENR,34.008022,-118.425613,26-DEC-17 05.04.58.000000 PM UTC,201712260420
ENR,34.011673,-118.419296,26-DEC-17 05.05.29.000000 PM UTC,201712260420
ENR,34.012135,-118.418854,26-DEC-17 05.06.09.000000 PM UTC,201712260420
ONS,34.012135,-118.418854,26-DEC-17 05.06.09.000000 PM UTC,201712260420
ONS,34.012165,-118.418915,26-DEC-17 05.16.01.000000 PM UTC,201712260420
ONS,34.007542,-118.426804,26-DEC-17 05.23.35.000000 PM UTC,201712260420
ENR,34.005878,-118.428322,26-DEC-17 06.17.38.000000 PM UTC,201712260519
ENR,34.005894,-118.428284,26-DEC-17 06.18.03.000000 PM UTC,201712260519
ENR,34.005844,-118.428246,26-DEC-17 06.18.34.000000 PM UTC,201712260519
ENR,34.006420,-118.428452,26-DEC-17 06.19.05.000000 PM UTC,201712260519
ENR,34.009457,-118.423134,26-DEC-17 06.19.36.000000 PM UTC,201712260519
ENR,34.012917,-118.420822,26-DEC-17 06.20.07.000000 PM UTC,201712260519
ENR,34.018089,-118.424980,26-DEC-17 06.20.38.000000 PM UTC,201712260519
ENR,34.022999,-118.428841,26-DEC-17 06.21.09.000000 PM UTC,201712260519
ENR,34.029247,-118.433777,26-DEC-17 06.21.40.000000 PM UTC,201712260519
ENR,34.030006,-118.434380,26-DEC-17 06.21.44.000000 PM UTC,201712260519
ENR,34.005989,-118.428223,26-DEC-17 06.37.52.000000 PM UTC,201712260550
ENR,34.006008,-118.428192,26-DEC-17 06.38.02.000000 PM UTC,201712260550
ENR,34.005943,-118.428207,26-DEC-17 06.38.33.000000 PM UTC,201712260550
ENR,34.006001,-118.428268,26-DEC-17 06.39.04.000000 PM UTC,201712260550
ENR,34.005886,-118.428368,26-DEC-17 06.39.35.000000 PM UTC,201712260550
ENR,34.003761,-118.426964,26-DEC-17 06.40.06.000000 PM UTC,201712260550
ENR,34.001183,-118.426895,26-DEC-17 06.40.37.000000 PM UTC,201712260550
ENR,33.998619,-118.426453,26-DEC-17 06.41.08.000000 PM UTC,201712260550
ENR,33.998333,-118.426208,26-DEC-17 06.41.18.000000 PM UTC,201712260550
ONS,33.998333,-118.426208,26-DEC-17 06.41.18.000000 PM UTC,201712260550
ONS,33.998405,-118.426239,26-DEC-17 06.51.09.000000 PM UTC,201712260550
ONS,33.998043,-118.428894,26-DEC-17 06.53.54.000000 PM UTC,201712260550
ENR,33.998909,-118.429146,26-DEC-17 07.04.11.000000 PM UTC,201712260590
ENR,33.998909,-118.429146,26-DEC-17 07.04.13.000000 PM UTC,201712260590
ENR,33.998909,-118.429153,26-DEC-17 07.04.44.000000 PM UTC,201712260590
ENR,33.998909,-118.429146,26-DEC-17 07.05.15.000000 PM UTC,201712260590
ENR,33.999119,-118.429344,26-DEC-17 07.05.46.000000 PM UTC,201712260590
ENR,33.998402,-118.429611,26-DEC-17 07.06.17.000000 PM UTC,201712260590
ENR,33.994316,-118.425171,26-DEC-17 07.06.48.000000 PM UTC,201712260590
ENR,33.991230,-118.420570,26-DEC-17 07.07.19.000000 PM UTC,201712260590
ENR,34.005880,-118.428172,26-DEC-17 07.07.19.000000 PM UTC,201712260590
ONS,34.005880,-118.428172,26-DEC-17 07.07.19.000000 PM UTC,201712260590
ONS,33.991245,-118.419838,26-DEC-17 07.17.20.000000 PM UTC,201712260590
ONS,33.998070,-118.428925,26-DEC-17 07.24.50.000000 PM UTC,201712260590
ENR,34.005913,-118.428375,26-DEC-17 07.36.54.000000 PM UTC,201712260637
ENR,34.005913,-118.428383,26-DEC-17 07.36.56.000000 PM UTC,201712260637
ENR,34.005966,-118.428474,26-DEC-17 07.37.27.000000 PM UTC,201712260637
ENR,34.005814,-118.428452,26-DEC-17 07.37.58.000000 PM UTC,201712260637
ENR,34.005692,-118.428452,26-DEC-17 07.38.29.000000 PM UTC,201712260637
ENR,34.005676,-118.428520,26-DEC-17 07.39.00.000000 PM UTC,201712260637
ENR,34.005039,-118.431015,26-DEC-17 07.39.31.000000 PM UTC,201712260637
ENR,34.004475,-118.434212,26-DEC-17 07.40.02.000000 PM UTC,201712260637
ENR,34.009247,-118.437836,26-DEC-17 07.40.33.000000 PM UTC,201712260637
ENR,34.011002,-118.439949,26-DEC-17 07.41.04.000000 PM UTC,201712260637
ENR,34.011208,-118.440102,26-DEC-17 07.41.09.000000 PM UTC,201712260637
ONS,34.011208,-118.440102,26-DEC-17 07.41.09.000000 PM UTC,201712260637
ONS,34.011684,-118.440475,26-DEC-17 07.47.18.000000 PM UTC,201712260637
ENR,34.005775,-118.428337,26-DEC-17 11.49.47.000000 PM UTC,201712261048
ENR,34.005787,-118.428337,26-DEC-17 11.49.49.000000 PM UTC,201712261048
ENR,34.005726,-118.428307,26-DEC-17 11.50.20.000000 PM UTC,201712261048
ENR,34.005516,-118.428421,26-DEC-17 11.50.51.000000 PM UTC,201712261048
ENR,34.002533,-118.426048,26-DEC-17 11.51.22.000000 PM UTC,201712261048
ENR,33.999443,-118.423592,26-DEC-17 11.51.53.000000 PM UTC,201712261048
ENR,33.996307,-118.420067,26-DEC-17 11.52.24.000000 PM UTC,201712261048
ENR,33.993172,-118.415283,26-DEC-17 11.52.55.000000 PM UTC,201712261048
ENR,33.991753,-118.412186,26-DEC-17 11.53.26.000000 PM UTC,201712261048
ENR,33.991894,-118.410255,26-DEC-17 11.53.56.000000 PM UTC,201712261048
ENR,33.993343,-118.409546,26-DEC-17 11.54.28.000000 PM UTC,201712261048
ENR,33.994507,-118.411522,26-DEC-17 11.54.58.000000 PM UTC,201712261048
ONS,33.994507,-118.411522,26-DEC-17 11.54.58.000000 PM UTC,201712261048
ONS,33.994511,-118.411575,26-DEC-17 11.54.59.000000 PM UTC,201712261048
ONS,33.994541,-118.411560,26-DEC-17 11.57.52.000000 PM UTC,201712261048
ENR,33.997437,-118.421654,27-DEC-17 12.01.07.000000 AM UTC,201712261064
ENR,33.997452,-118.421707,27-DEC-17 12.01.09.000000 AM UTC,201712261064
ENR,33.998749,-118.418991,27-DEC-17 12.01.40.000000 AM UTC,201712261064
ENR,34.001766,-118.415901,27-DEC-17 12.02.11.000000 AM UTC,201712261064
ENR,34.006893,-118.413139,27-DEC-17 12.02.42.000000 AM UTC,201712261064
ENR,34.010803,-118.415375,27-DEC-17 12.03.13.000000 AM UTC,201712261064
ENR,34.012589,-118.418358,27-DEC-17 12.03.44.000000 AM UTC,201712261064
ENR,34.017872,-118.422569,27-DEC-17 12.04.15.000000 AM UTC,201712261064
ENR,34.021568,-118.425606,27-DEC-17 12.04.46.000000 AM UTC,201712261064
ENR,34.026642,-118.429642,27-DEC-17 12.05.17.000000 AM UTC,201712261064
ENR,34.031471,-118.433479,27-DEC-17 12.05.48.000000 AM UTC,201712261064
ENR,34.033161,-118.435463,27-DEC-17 12.06.09.000000 AM UTC,201712261064
ONS,34.033161,-118.435463,27-DEC-17 12.06.09.000000 AM UTC,201712261064
ONS,34.033623,-118.436150,27-DEC-17 12.15.49.000000 AM UTC,201712261064
ONS,34.046005,-118.445206,27-DEC-17 12.23.23.000000 AM UTC,201712261064
ENR,34.005810,-118.428459,27-DEC-17 06.47.24.000000 AM UTC,201712261638
ENR,34.005810,-118.428459,27-DEC-17 06.47.26.000000 AM UTC,201712261638
ENR,34.005756,-118.428413,27-DEC-17 06.47.57.000000 AM UTC,201712261638
ENR,34.005775,-118.428398,27-DEC-17 06.48.28.000000 AM UTC,201712261638
ENR,34.006035,-118.428810,27-DEC-17 06.48.59.000000 AM UTC,201712261638
ENR,34.008606,-118.424606,27-DEC-17 06.49.30.000000 AM UTC,201712261638
ENR,34.011532,-118.419792,27-DEC-17 06.50.01.000000 AM UTC,201712261638
ENR,34.014648,-118.422195,27-DEC-17 06.50.32.000000 AM UTC,201712261638
ENR,34.014683,-118.422218,27-DEC-17 06.50.36.000000 AM UTC,201712261638
ONS,34.014683,-118.422218,27-DEC-17 06.50.36.000000 AM UTC,201712261638
ONS,34.014694,-118.422218,27-DEC-17 07.00.33.000000 AM UTC,201712261638
ONS,34.035049,-118.438400,27-DEC-17 07.10.34.000000 AM UTC,201712261638
ONS,34.031593,-118.479614,27-DEC-17 07.20.35.000000 AM UTC,201712261638
ONS,34.024551,-118.446404,27-DEC-17 07.30.36.000000 AM UTC,201712261638
ONS,34.004547,-118.431679,27-DEC-17 07.34.43.000000 AM UTC,201712261638
ENR,34.005692,-118.428482,27-DEC-17 09.59.18.000000 AM UTC,201712270077
ENR,34.005684,-118.428482,27-DEC-17 09.59.20.000000 AM UTC,201712270077
ENR,34.005581,-118.428581,27-DEC-17 09.59.51.000000 AM UTC,201712270077
ENR,34.005550,-118.428543,27-DEC-17 10.00.22.000000 AM UTC,201712270077
ENR,34.006653,-118.427910,27-DEC-17 10.00.53.000000 AM UTC,201712270077
ENR,34.009624,-118.422760,27-DEC-17 10.01.24.000000 AM UTC,201712270077
ENR,34.012314,-118.420380,27-DEC-17 10.01.55.000000 AM UTC,201712270077
ENR,34.016541,-118.423729,27-DEC-17 10.02.26.000000 AM UTC,201712270077
ENR,34.019390,-118.425987,27-DEC-17 10.02.57.000000 AM UTC,201712270077
ENR,34.019829,-118.427063,27-DEC-17 10.03.16.000000 AM UTC,201712270077
ONS,34.019829,-118.427063,27-DEC-17 10.03.16.000000 AM UTC,201712270077
ONS,34.019588,-118.426834,27-DEC-17 10.12.58.000000 AM UTC,201712270077
ONS,34.019585,-118.426849,27-DEC-17 10.22.59.000000 AM UTC,201712270077
ONS,34.019592,-118.426842,27-DEC-17 10.27.24.000000 AM UTC,201712270077
ENR,34.005646,-118.428635,27-DEC-17 01.11.29.000000 PM UTC,201712270174
ENR,34.005638,-118.428635,27-DEC-17 01.11.30.000000 PM UTC,201712270174
ENR,34.005718,-118.428513,27-DEC-17 01.12.02.000000 PM UTC,201712270174
ENR,34.005707,-118.428520,27-DEC-17 01.12.33.000000 PM UTC,201712270174
ENR,34.005249,-118.428421,27-DEC-17 01.13.04.000000 PM UTC,201712270174
ENR,34.002266,-118.425934,27-DEC-17 01.13.35.000000 PM UTC,201712270174
ENR,34.000301,-118.428566,27-DEC-17 01.14.06.000000 PM UTC,201712270174
ENR,33.997688,-118.429131,27-DEC-17 01.14.37.000000 PM UTC,201712270174
ENR,33.994595,-118.425621,27-DEC-17 01.15.08.000000 PM UTC,201712270174
ENR,33.991047,-118.420982,27-DEC-17 01.15.38.000000 PM UTC,201712270174
ONS,33.991047,-118.420982,27-DEC-17 01.15.38.000000 PM UTC,201712270174
ONS,33.991032,-118.420914,27-DEC-17 01.15.39.000000 PM UTC,201712270174
ONS,33.991032,-118.420914,27-DEC-17 01.15.39.000000 PM UTC,201712270174
ENR,33.991375,-118.421295,27-DEC-17 01.24.59.000000 PM UTC,201712270182
ENR,33.994404,-118.425194,27-DEC-17 01.25.26.000000 PM UTC,201712270182
ENR,34.005760,-118.428329,27-DEC-17 02.39.18.000000 PM UTC,201712270227
ENR,34.005756,-118.428329,27-DEC-17 02.39.20.000000 PM UTC,201712270227
ENR,34.005814,-118.428375,27-DEC-17 02.39.51.000000 PM UTC,201712270227
ENR,34.005863,-118.428406,27-DEC-17 02.40.22.000000 PM UTC,201712270227
ENR,34.005833,-118.428474,27-DEC-17 02.40.53.000000 PM UTC,201712270227
ENR,34.006207,-118.429062,27-DEC-17 02.41.24.000000 PM UTC,201712270227
ENR,34.005726,-118.431862,27-DEC-17 02.41.55.000000 PM UTC,201712270227
ENR,34.009083,-118.434395,27-DEC-17 02.42.26.000000 PM UTC,201712270227
ENR,34.012089,-118.436699,27-DEC-17 02.42.57.000000 PM UTC,201712270227
ENR,34.012894,-118.437614,27-DEC-17 02.43.12.000000 PM UTC,201712270227
ONS,34.012894,-118.437614,27-DEC-17 02.43.12.000000 PM UTC,201712270227
ONS,34.012539,-118.438232,27-DEC-17 02.52.58.000000 PM UTC,201712270227
ONS,34.012775,-118.434174,27-DEC-17 03.02.59.000000 PM UTC,201712270227
ONS,34.005836,-118.427940,27-DEC-17 03.06.26.000000 PM UTC,201712270227
ENR,34.005867,-118.428459,28-DEC-17 02.29.38.000000 AM UTC,201712271327
ENR,34.005810,-118.428474,28-DEC-17 02.30.04.000000 AM UTC,201712271327
ENR,34.005772,-118.428474,28-DEC-17 02.30.35.000000 AM UTC,201712271327
ENR,34.005569,-118.428581,28-DEC-17 02.31.06.000000 AM UTC,201712271327
ENR,34.002384,-118.425980,28-DEC-17 02.31.37.000000 AM UTC,201712271327
ENR,34.003059,-118.423454,28-DEC-17 02.32.08.000000 AM UTC,201712271327
ENR,34.005642,-118.419159,28-DEC-17 02.32.39.000000 AM UTC,201712271327
ENR,34.007530,-118.415977,28-DEC-17 02.33.10.000000 AM UTC,201712271327
ENR,34.008202,-118.413536,28-DEC-17 02.33.41.000000 AM UTC,201712271327
ENR,34.004608,-118.409828,28-DEC-17 02.34.12.000000 AM UTC,201712271327
ENR,34.002304,-118.405846,28-DEC-17 02.34.43.000000 AM UTC,201712271327
ENR,34.000397,-118.402390,28-DEC-17 02.35.13.000000 AM UTC,201712271327
ONS,34.000397,-118.402390,28-DEC-17 02.35.13.000000 AM UTC,201712271327
ONS,34.000355,-118.402321,28-DEC-17 02.35.14.000000 AM UTC,201712271327
ONS,33.999851,-118.401711,28-DEC-17 02.45.15.000000 AM UTC,201712271327
ONS,33.999851,-118.401711,28-DEC-17 02.45.15.000000 AM UTC,201712271327
ONS,33.999851,-118.401711,28-DEC-17 02.45.15.000000 AM UTC,201712271327
ONS,34.005268,-118.410828,28-DEC-17 02.47.42.000000 AM UTC,201712271327
ENR,34.005875,-118.428383,28-DEC-17 03.11.56.000000 AM UTC,201712271394
ENR,34.005928,-118.428314,28-DEC-17 03.12.12.000000 AM UTC,201712271394
ENR,34.005852,-118.428261,28-DEC-17 03.12.43.000000 AM UTC,201712271394
ENR,34.005775,-118.428375,28-DEC-17 03.13.14.000000 AM UTC,201712271394
ENR,34.002956,-118.426346,28-DEC-17 03.13.45.000000 AM UTC,201712271394
ENR,34.001038,-118.427116,28-DEC-17 03.14.16.000000 AM UTC,201712271394
ENR,33.999157,-118.430969,28-DEC-17 03.14.47.000000 AM UTC,201712271394
ENR,33.998528,-118.432289,28-DEC-17 03.14.57.000000 AM UTC,201712271394
ONS,33.998528,-118.432289,28-DEC-17 03.14.57.000000 AM UTC,201712271394
ONS,34.000797,-118.437469,28-DEC-17 03.24.48.000000 AM UTC,201712271394
ONS,34.006008,-118.429100,28-DEC-17 03.26.45.000000 AM UTC,201712271394
ENR,34.005756,-118.428635,28-DEC-17 04.16.34.000000 AM UTC,201712271477
ENR,34.005753,-118.428711,28-DEC-17 04.16.59.000000 AM UTC,201712271477
ENR,34.005760,-118.428612,28-DEC-17 04.17.30.000000 AM UTC,201712271477
ENR,34.005737,-118.428604,28-DEC-17 04.18.01.000000 AM UTC,201712271477
ENR,34.005714,-118.428635,28-DEC-17 04.18.32.000000 AM UTC,201712271477
ENR,34.003826,-118.427155,28-DEC-17 04.19.03.000000 AM UTC,201712271477
ENR,34.001961,-118.425270,28-DEC-17 04.19.34.000000 AM UTC,201712271477
ENR,34.004272,-118.421387,28-DEC-17 04.20.05.000000 AM UTC,201712271477
ENR,34.002018,-118.419365,28-DEC-17 04.20.36.000000 AM UTC,201712271477
ENR,34.000977,-118.418541,28-DEC-17 04.20.46.000000 AM UTC,201712271477
ONS,34.000977,-118.418541,28-DEC-17 04.20.46.000000 AM UTC,201712271477
ONS,33.997986,-118.445045,28-DEC-17 04.30.37.000000 AM UTC,201712271477
ONS,33.991222,-118.459343,28-DEC-17 04.40.38.000000 AM UTC,201712271477
ONS,33.999382,-118.442024,28-DEC-17 04.48.29.000000 AM UTC,201712271477
ENR,34.005745,-118.428535,28-DEC-17 05.17.09.000000 AM UTC,201712271561
ENR,34.005741,-118.428528,28-DEC-17 05.17.30.000000 AM UTC,201712271561
ENR,34.005741,-118.428520,28-DEC-17 05.18.01.000000 AM UTC,201712271561
ENR,34.005733,-118.428535,28-DEC-17 05.18.32.000000 AM UTC,201712271561
ENR,34.005764,-118.428467,28-DEC-17 05.19.03.000000 AM UTC,201712271561
ENR,34.005768,-118.428513,28-DEC-17 05.19.34.000000 AM UTC,201712271561
ENR,34.005901,-118.428574,28-DEC-17 05.20.05.000000 AM UTC,201712271561
ENR,34.005772,-118.428719,28-DEC-17 05.20.36.000000 AM UTC,201712271561
ENR,34.008198,-118.425377,28-DEC-17 05.21.07.000000 AM UTC,201712271561
ENR,34.011559,-118.419754,28-DEC-17 05.21.38.000000 AM UTC,201712271561
ENR,34.015072,-118.422523,28-DEC-17 05.22.09.000000 AM UTC,201712271561
ENR,34.020012,-118.426468,28-DEC-17 05.22.40.000000 AM UTC,201712271561
ENR,34.020153,-118.426758,28-DEC-17 05.22.44.000000 AM UTC,201712271561
ONS,34.020153,-118.426758,28-DEC-17 05.22.44.000000 AM UTC,201712271561
ONS,34.019531,-118.427879,28-DEC-17 05.32.41.000000 AM UTC,201712271561
ONS,34.008972,-118.424141,28-DEC-17 05.42.42.000000 AM UTC,201712271561
ONS,34.006786,-118.428001,28-DEC-17 05.43.29.000000 AM UTC,201712271561
ENR,34.005932,-118.428169,28-DEC-17 05.49.19.000000 AM UTC,201712271610
ENR,34.005928,-118.428162,28-DEC-17 05.49.34.000000 AM UTC,201712271610
ENR,34.005932,-118.428162,28-DEC-17 05.50.05.000000 AM UTC,201712271610
ENR,34.005901,-118.428230,28-DEC-17 05.50.36.000000 AM UTC,201712271610
ENR,34.006424,-118.429085,28-DEC-17 05.51.07.000000 AM UTC,201712271610
ENR,34.009068,-118.431190,28-DEC-17 05.51.38.000000 AM UTC,201712271610
ENR,34.010815,-118.432579,28-DEC-17 05.52.09.000000 AM UTC,201712271610
ENR,34.012836,-118.434174,28-DEC-17 05.52.40.000000 AM UTC,201712271610
ENR,34.014462,-118.435471,28-DEC-17 05.53.08.000000 AM UTC,201712271610
ONS,34.014462,-118.435471,28-DEC-17 05.53.08.000000 AM UTC,201712271610
ONS,34.006496,-118.429260,28-DEC-17 06.02.41.000000 AM UTC,201712271610
ONS,34.006462,-118.429230,28-DEC-17 06.02.42.000000 AM UTC,201712271610
ONS,34.006432,-118.429207,28-DEC-17 06.02.43.000000 AM UTC,201712271610
ENR,34.005756,-118.428299,28-DEC-17 06.40.41.000000 AM UTC,201712271662
ENR,34.005737,-118.428482,28-DEC-17 06.41.24.000000 AM UTC,201712271662
ENR,34.005718,-118.428490,28-DEC-17 06.41.55.000000 AM UTC,201712271662
ENR,34.005611,-118.428360,28-DEC-17 06.42.26.000000 AM UTC,201712271662
ENR,34.005615,-118.428406,28-DEC-17 06.42.57.000000 AM UTC,201712271662
ENR,34.006027,-118.428886,28-DEC-17 06.43.28.000000 AM UTC,201712271662
ENR,34.004349,-118.432388,28-DEC-17 06.43.59.000000 AM UTC,201712271662
ENR,34.004570,-118.432747,28-DEC-17 06.44.07.000000 AM UTC,201712271662
ONS,34.004570,-118.432747,28-DEC-17 06.44.07.000000 AM UTC,201712271662
ONS,34.008652,-118.435707,28-DEC-17 06.54.00.000000 AM UTC,201712271662
ONS,34.008633,-118.435699,28-DEC-17 07.04.01.000000 AM UTC,201712271662
ONS,34.004951,-118.431000,28-DEC-17 07.08.17.000000 AM UTC,201712271662
ENR,34.005707,-118.428246,28-DEC-17 08.03.47.000000 AM UTC,201712280003
ENR,34.005630,-118.428146,28-DEC-17 08.03.57.000000 AM UTC,201712280003
ENR,34.005634,-118.428062,28-DEC-17 08.04.28.000000 AM UTC,201712280003
ENR,34.005547,-118.428062,28-DEC-17 08.04.59.000000 AM UTC,201712280003
ENR,34.005619,-118.428139,28-DEC-17 08.05.30.000000 AM UTC,201712280003
ENR,34.005783,-118.428505,28-DEC-17 08.06.01.000000 AM UTC,201712280003
ENR,34.005417,-118.429161,28-DEC-17 08.06.32.000000 AM UTC,201712280003
ENR,34.005379,-118.428665,28-DEC-17 08.07.03.000000 AM UTC,201712280003
ENR,34.005562,-118.428467,28-DEC-17 08.07.34.000000 AM UTC,201712280003
ENR,34.004147,-118.427376,28-DEC-17 08.08.05.000000 AM UTC,201712280003
ENR,34.001705,-118.425850,28-DEC-17 08.08.36.000000 AM UTC,201712280003
ENR,33.999096,-118.431084,28-DEC-17 08.09.07.000000 AM UTC,201712280003
ENR,33.996964,-118.435249,28-DEC-17 08.09.38.000000 AM UTC,201712280003
ENR,33.995129,-118.438576,28-DEC-17 08.10.09.000000 AM UTC,201712280003
ENR,33.994823,-118.439064,28-DEC-17 08.10.17.000000 AM UTC,201712280003
ONS,33.994823,-118.439064,28-DEC-17 08.10.17.000000 AM UTC,201712280003
ONS,34.002678,-118.426025,28-DEC-17 08.20.10.000000 AM UTC,201712280003
ONS,34.005699,-118.427864,28-DEC-17 08.21.12.000000 AM UTC,201712280003
ENR,34.005840,-118.428535,28-DEC-17 01.34.01.000000 PM UTC,201712280214
ENR,34.005840,-118.428535,28-DEC-17 01.34.05.000000 PM UTC,201712280214
ENR,34.005825,-118.428566,28-DEC-17 01.34.36.000000 PM UTC,201712280214
ENR,34.005756,-118.428535,28-DEC-17 01.35.07.000000 PM UTC,201712280214
ENR,34.005753,-118.428543,28-DEC-17 01.35.38.000000 PM UTC,201712280214
ENR,34.005707,-118.428627,28-DEC-17 01.36.09.000000 PM UTC,201712280214
ENR,34.005772,-118.428696,28-DEC-17 01.36.40.000000 PM UTC,201712280214
ENR,34.005714,-118.428581,28-DEC-17 01.37.11.000000 PM UTC,201712280214
ENR,34.005684,-118.428635,28-DEC-17 01.37.42.000000 PM UTC,201712280214
ENR,34.003288,-118.426750,28-DEC-17 01.38.13.000000 PM UTC,201712280214
ENR,34.001072,-118.424950,28-DEC-17 01.38.44.000000 PM UTC,201712280214
ENR,33.997597,-118.422112,28-DEC-17 01.39.15.000000 PM UTC,201712280214
ENR,33.994671,-118.417603,28-DEC-17 01.39.46.000000 PM UTC,201712280214
ENR,33.992996,-118.414116,28-DEC-17 01.40.17.000000 PM UTC,201712280214
ENR,33.995991,-118.411964,28-DEC-17 01.40.48.000000 PM UTC,201712280214
ENR,33.998436,-118.410172,28-DEC-17 01.41.18.000000 PM UTC,201712280214
ONS,33.998436,-118.410172,28-DEC-17 01.41.18.000000 PM UTC,201712280214
ONS,33.997223,-118.408333,28-DEC-17 01.51.20.000000 PM UTC,201712280214
ONS,33.997852,-118.410713,28-DEC-17 02.01.21.000000 PM UTC,201712280214
ONS,34.002338,-118.425789,28-DEC-17 02.05.53.000000 PM UTC,201712280214
ENR,34.005806,-118.428154,28-DEC-17 03.29.49.000000 PM UTC,201712280298
ENR,34.005814,-118.428154,28-DEC-17 03.29.51.000000 PM UTC,201712280298
ENR,34.005825,-118.428139,28-DEC-17 03.30.22.000000 PM UTC,201712280298
ENR,34.005852,-118.428207,28-DEC-17 03.30.53.000000 PM UTC,201712280298
ENR,34.005878,-118.428268,28-DEC-17 03.31.24.000000 PM UTC,201712280298
ENR,34.005894,-118.428299,28-DEC-17 03.31.55.000000 PM UTC,201712280298
ENR,34.005840,-118.428185,28-DEC-17 03.32.26.000000 PM UTC,201712280298
ENR,34.005802,-118.428261,28-DEC-17 03.32.57.000000 PM UTC,201712280298
ENR,34.005402,-118.428299,28-DEC-17 03.33.28.000000 PM UTC,201712280298
ENR,34.002056,-118.425659,28-DEC-17 03.33.59.000000 PM UTC,201712280298
ENR,33.999245,-118.423416,28-DEC-17 03.34.30.000000 PM UTC,201712280298
ENR,33.997402,-118.424782,28-DEC-17 03.35.01.000000 PM UTC,201712280298
ENR,33.995552,-118.423332,28-DEC-17 03.35.32.000000 PM UTC,201712280298
ENR,33.993610,-118.420647,28-DEC-17 03.36.03.000000 PM UTC,201712280298
ENR,33.992977,-118.420982,28-DEC-17 03.36.28.000000 PM UTC,201712280298
ONS,33.992977,-118.420982,28-DEC-17 03.36.28.000000 PM UTC,201712280298
ONS,33.992897,-118.421074,28-DEC-17 03.46.04.000000 PM UTC,201712280298
ONS,33.992897,-118.421074,28-DEC-17 03.56.04.000000 PM UTC,201712280298
ONS,33.992168,-118.421623,28-DEC-17 04.02.17.000000 PM UTC,201712280298
ENR,34.005692,-118.428444,28-DEC-17 04.42.52.000000 PM UTC,201712280376
ENR,34.005695,-118.428436,28-DEC-17 04.42.54.000000 PM UTC,201712280376
ENR,34.005672,-118.428345,28-DEC-17 04.43.25.000000 PM UTC,201712280376
ENR,34.005684,-118.428452,28-DEC-17 04.43.56.000000 PM UTC,201712280376
ENR,34.006947,-118.427475,28-DEC-17 04.44.27.000000 PM UTC,201712280376
ENR,34.009220,-118.423523,28-DEC-17 04.44.58.000000 PM UTC,201712280376
ENR,34.011517,-118.419525,28-DEC-17 04.45.29.000000 PM UTC,201712280376
ENR,34.013371,-118.416245,28-DEC-17 04.46.00.000000 PM UTC,201712280376
ENR,34.016796,-118.410255,28-DEC-17 04.46.31.000000 PM UTC,201712280376
ENR,34.019192,-118.407196,28-DEC-17 04.47.02.000000 PM UTC,201712280376
ENR,34.020061,-118.408028,28-DEC-17 04.47.17.000000 PM UTC,201712280376
ONS,34.020061,-118.408028,28-DEC-17 04.47.17.000000 PM UTC,201712280376
ONS,34.020039,-118.408081,28-DEC-17 04.57.03.000000 PM UTC,201712280376
ONS,34.018566,-118.424713,28-DEC-17 05.02.04.000000 PM UTC,201712280376
ENR,34.005871,-118.428314,28-DEC-17 06.00.44.000000 PM UTC,201712280484
ENR,34.005863,-118.428307,28-DEC-17 06.00.48.000000 PM UTC,201712280484
ENR,34.005859,-118.428307,28-DEC-17 06.01.19.000000 PM UTC,201712280484
ENR,34.005878,-118.428314,28-DEC-17 06.01.50.000000 PM UTC,201712280484
ENR,34.005810,-118.428551,28-DEC-17 06.02.21.000000 PM UTC,201712280484
ENR,34.005894,-118.428612,28-DEC-17 06.02.52.000000 PM UTC,201712280484
ENR,34.005737,-118.429916,28-DEC-17 06.03.23.000000 PM UTC,201712280484
ENR,34.004414,-118.432335,28-DEC-17 06.03.54.000000 PM UTC,201712280484
ENR,34.003891,-118.433487,28-DEC-17 06.04.25.000000 PM UTC,201712280484
ENR,34.005840,-118.435188,28-DEC-17 06.04.56.000000 PM UTC,201712280484
ENR,34.010387,-118.438683,28-DEC-17 06.05.27.000000 PM UTC,201712280484
ENR,34.008621,-118.442101,28-DEC-17 06.05.58.000000 PM UTC,201712280484
ENR,34.007488,-118.444267,28-DEC-17 06.06.29.000000 PM UTC,201712280484
ENR,34.007488,-118.444267,28-DEC-17 06.06.31.000000 PM UTC,201712280484
ONS,34.007488,-118.444267,28-DEC-17 06.06.31.000000 PM UTC,201712280484
ONS,34.006367,-118.446205,28-DEC-17 06.08.55.000000 PM UTC,201712280484
ENR,33.999008,-118.429924,28-DEC-17 08.27.11.000000 PM UTC,201712280725
ENR,33.999008,-118.429924,28-DEC-17 08.27.13.000000 PM UTC,201712280725
ENR,34.000004,-118.429016,28-DEC-17 08.27.44.000000 PM UTC,201712280725
ENR,34.000732,-118.427567,28-DEC-17 08.28.15.000000 PM UTC,201712280725
ENR,34.002937,-118.426285,28-DEC-17 08.28.46.000000 PM UTC,201712280725
ENR,34.005768,-118.428375,28-DEC-17 08.29.17.000000 PM UTC,201712280725
ENR,34.005749,-118.428391,28-DEC-17 08.29.48.000000 PM UTC,201712280725
ENR,34.005711,-118.428413,28-DEC-17 08.30.19.000000 PM UTC,201712280725
ENR,34.006302,-118.428566,28-DEC-17 08.30.50.000000 PM UTC,201712280725
ENR,34.009426,-118.423096,28-DEC-17 08.31.21.000000 PM UTC,201712280725
ENR,34.012424,-118.417870,28-DEC-17 08.31.52.000000 PM UTC,201712280725
ENR,34.012718,-118.417450,28-DEC-17 08.32.23.000000 PM UTC,201712280725
ENR,34.011311,-118.415962,28-DEC-17 08.32.54.000000 PM UTC,201712280725
ENR,34.010815,-118.416885,28-DEC-17 08.33.25.000000 PM UTC,201712280725
ENR,34.014698,-118.420059,28-DEC-17 08.33.56.000000 PM UTC,201712280725
ENR,34.017254,-118.422112,28-DEC-17 08.34.27.000000 PM UTC,201712280725
ENR,34.018902,-118.423485,28-DEC-17 08.34.58.000000 PM UTC,201712280725
ENR,34.022034,-118.425934,28-DEC-17 08.35.29.000000 PM UTC,201712280725
ENR,34.026459,-118.429192,28-DEC-17 08.36.00.000000 PM UTC,201712280725
ENR,34.027985,-118.429100,28-DEC-17 08.36.31.000000 PM UTC,201712280725
ENR,34.032967,-118.432434,28-DEC-17 08.37.02.000000 PM UTC,201712280725
ENR,34.035187,-118.434761,28-DEC-17 08.37.29.000000 PM UTC,201712280725
ENR,34.005867,-118.428276,28-DEC-17 11.14.59.000000 PM UTC,201712281017
ENR,34.005867,-118.428276,28-DEC-17 11.15.02.000000 PM UTC,201712281017
ENR,34.005814,-118.428291,28-DEC-17 11.15.33.000000 PM UTC,201712281017
ENR,34.005821,-118.428307,28-DEC-17 11.16.04.000000 PM UTC,201712281017
ENR,34.005829,-118.428291,28-DEC-17 11.16.35.000000 PM UTC,201712281017
ENR,34.005154,-118.428253,28-DEC-17 11.17.06.000000 PM UTC,201712281017
ENR,34.004826,-118.428886,28-DEC-17 11.17.37.000000 PM UTC,201712281017
ENR,34.004822,-118.428886,28-DEC-17 11.18.08.000000 PM UTC,201712281017
ENR,34.004066,-118.430328,28-DEC-17 11.18.39.000000 PM UTC,201712281017
ENR,34.003307,-118.430016,28-DEC-17 11.18.58.000000 PM UTC,201712281017
ONS,34.003307,-118.430016,28-DEC-17 11.18.58.000000 PM UTC,201712281017
ONS,34.002102,-118.429031,28-DEC-17 11.28.40.000000 PM UTC,201712281017
ONS,34.002113,-118.429047,28-DEC-17 11.38.41.000000 PM UTC,201712281017
ONS,34.002113,-118.429047,28-DEC-17 11.38.41.000000 PM UTC,201712281017
ONS,34.001972,-118.427254,28-DEC-17 11.41.49.000000 PM UTC,201712281017
ENR,34.005676,-118.428322,29-DEC-17 02.10.39.000000 AM UTC,201712281329
ENR,34.005680,-118.428329,29-DEC-17 02.10.42.000000 AM UTC,201712281329
ENR,34.005684,-118.428391,29-DEC-17 02.11.13.000000 AM UTC,201712281329
ENR,34.005852,-118.428749,29-DEC-17 02.11.44.000000 AM UTC,201712281329
ENR,34.004864,-118.431435,29-DEC-17 02.12.15.000000 AM UTC,201712281329
ENR,34.003162,-118.434769,29-DEC-17 02.12.34.000000 AM UTC,201712281329
ONS,34.003162,-118.434769,29-DEC-17 02.12.34.000000 AM UTC,201712281329
ONS,34.000813,-118.436562,29-DEC-17 02.16.41.000000 AM UTC,201712281329
ENR,34.005501,-118.428513,29-DEC-17 02.50.55.000000 AM UTC,201712281410
ENR,34.005493,-118.428520,29-DEC-17 02.50.58.000000 AM UTC,201712281410
ENR,34.005524,-118.428551,29-DEC-17 02.51.29.000000 AM UTC,201712281410
ENR,34.005272,-118.428429,29-DEC-17 02.52.00.000000 AM UTC,201712281410
ENR,34.002014,-118.425720,29-DEC-17 02.52.31.000000 AM UTC,201712281410
ENR,33.998867,-118.423180,29-DEC-17 02.53.02.000000 AM UTC,201712281410
ENR,33.995853,-118.419403,29-DEC-17 02.53.33.000000 AM UTC,201712281410
ENR,33.995914,-118.416824,29-DEC-17 02.54.04.000000 AM UTC,201712281410
ENR,34.000877,-118.412842,29-DEC-17 02.54.35.000000 AM UTC,201712281410
ENR,34.002392,-118.412125,29-DEC-17 02.55.06.000000 AM UTC,201712281410
ENR,34.002270,-118.412216,29-DEC-17 02.55.08.000000 AM UTC,201712281410
ONS,34.002270,-118.412216,29-DEC-17 02.55.08.000000 AM UTC,201712281410
ONS,34.002369,-118.413330,29-DEC-17 03.05.07.000000 AM UTC,201712281410
ONS,34.002380,-118.413345,29-DEC-17 03.15.08.000000 AM UTC,201712281410
ONS,34.002579,-118.413643,29-DEC-17 03.17.36.000000 AM UTC,201712281410
ENR,34.005569,-118.428528,29-DEC-17 05.06.47.000000 AM UTC,201712281594
ENR,34.005573,-118.428535,29-DEC-17 05.06.49.000000 AM UTC,201712281594
ENR,34.005463,-118.428619,29-DEC-17 05.07.20.000000 AM UTC,201712281594
ENR,34.005360,-118.428520,29-DEC-17 05.07.51.000000 AM UTC,201712281594
ENR,34.005383,-118.428703,29-DEC-17 05.08.22.000000 AM UTC,201712281594
ENR,34.005947,-118.428818,29-DEC-17 05.08.53.000000 AM UTC,201712281594
ENR,34.006001,-118.428764,29-DEC-17 05.09.24.000000 AM UTC,201712281594
ENR,34.005791,-118.429802,29-DEC-17 05.09.55.000000 AM UTC,201712281594
ENR,34.005051,-118.431122,29-DEC-17 05.10.26.000000 AM UTC,201712281594
ENR,34.004768,-118.431656,29-DEC-17 05.10.57.000000 AM UTC,201712281594
ENR,34.004993,-118.434555,29-DEC-17 05.11.28.000000 AM UTC,201712281594
ENR,34.009773,-118.438164,29-DEC-17 05.11.59.000000 AM UTC,201712281594
ENR,34.008904,-118.441612,29-DEC-17 05.12.30.000000 AM UTC,201712281594
ENR,34.007195,-118.444740,29-DEC-17 05.13.02.000000 AM UTC,201712281594
ENR,34.005154,-118.447968,29-DEC-17 05.13.33.000000 AM UTC,201712281594
ENR,34.004841,-118.448692,29-DEC-17 05.13.46.000000 AM UTC,201712281594
ONS,34.004841,-118.448692,29-DEC-17 05.13.46.000000 AM UTC,201712281594
ONS,34.005207,-118.448952,29-DEC-17 05.23.33.000000 AM UTC,201712281594
ONS,34.005596,-118.449219,29-DEC-17 05.25.48.000000 AM UTC,201712281594
ENR,34.005585,-118.428665,29-DEC-17 06.51.09.000000 AM UTC,201712281698
ENR,34.005589,-118.428665,29-DEC-17 06.51.11.000000 AM UTC,201712281698
ENR,34.005749,-118.428558,29-DEC-17 06.51.42.000000 AM UTC,201712281698
ENR,34.005722,-118.428589,29-DEC-17 06.52.13.000000 AM UTC,201712281698
ENR,34.005478,-118.428604,29-DEC-17 06.52.44.000000 AM UTC,201712281698
ENR,34.002163,-118.425819,29-DEC-17 06.53.15.000000 AM UTC,201712281698
ENR,34.000107,-118.424141,29-DEC-17 06.53.46.000000 AM UTC,201712281698
ENR,33.997292,-118.421600,29-DEC-17 06.54.17.000000 AM UTC,201712281698
ENR,33.994701,-118.417656,29-DEC-17 06.54.48.000000 AM UTC,201712281698
ENR,33.992470,-118.414299,29-DEC-17 06.55.19.000000 AM UTC,201712281698
ENR,33.991787,-118.412384,29-DEC-17 06.55.50.000000 AM UTC,201712281698
ENR,33.991653,-118.410706,29-DEC-17 06.56.21.000000 AM UTC,201712281698
ENR,33.992153,-118.409912,29-DEC-17 06.56.42.000000 AM UTC,201712281698
ONS,33.992153,-118.409912,29-DEC-17 06.56.42.000000 AM UTC,201712281698
ONS,33.992977,-118.410088,29-DEC-17 07.04.51.000000 AM UTC,201712281698
ENR,34.005589,-118.428856,29-DEC-17 10.10.38.000000 AM UTC,201712290103
ENR,34.005596,-118.428825,29-DEC-17 10.10.40.000000 AM UTC,201712290103
ENR,34.005604,-118.428764,29-DEC-17 10.11.11.000000 AM UTC,201712290103
ENR,34.005615,-118.428665,29-DEC-17 10.11.42.000000 AM UTC,201712290103
ENR,34.004902,-118.428154,29-DEC-17 10.12.13.000000 AM UTC,201712290103
ENR,34.001980,-118.425720,29-DEC-17 10.12.44.000000 AM UTC,201712290103
ENR,33.999641,-118.423805,29-DEC-17 10.13.15.000000 AM UTC,201712290103
ENR,33.997375,-118.421745,29-DEC-17 10.13.46.000000 AM UTC,201712290103
ENR,33.994366,-118.417114,29-DEC-17 10.14.17.000000 AM UTC,201712290103
ENR,33.992401,-118.414215,29-DEC-17 10.14.48.000000 AM UTC,201712290103
ENR,33.991791,-118.412430,29-DEC-17 10.15.19.000000 AM UTC,201712290103
ENR,33.991734,-118.410553,29-DEC-17 10.15.50.000000 AM UTC,201712290103
ENR,33.992989,-118.409126,29-DEC-17 10.16.21.000000 AM UTC,201712290103
ENR,33.993908,-118.410423,29-DEC-17 10.16.52.000000 AM UTC,201712290103
ENR,33.994053,-118.410637,29-DEC-17 10.16.58.000000 AM UTC,201712290103
ONS,33.994053,-118.410637,29-DEC-17 10.16.58.000000 AM UTC,201712290103
ONS,33.993858,-118.410378,29-DEC-17 10.20.49.000000 AM UTC,201712290103
ENR,34.005684,-118.428513,29-DEC-17 09.35.12.000000 PM UTC,201712290941
ENR,34.005573,-118.428452,29-DEC-17 09.35.14.000000 PM UTC,201712290941
ENR,34.002029,-118.425652,29-DEC-17 09.35.45.000000 PM UTC,201712290941
ENR,33.999680,-118.429756,29-DEC-17 09.36.16.000000 PM UTC,201712290941
ENR,33.996273,-118.427719,29-DEC-17 09.36.47.000000 PM UTC,201712290941
ENR,33.992825,-118.423477,29-DEC-17 09.37.18.000000 PM UTC,201712290941
ENR,33.990650,-118.427917,29-DEC-17 09.37.49.000000 PM UTC,201712290941
ENR,33.988121,-118.433067,29-DEC-17 09.38.20.000000 PM UTC,201712290941
ENR,33.984901,-118.431465,29-DEC-17 09.38.52.000000 PM UTC,201712290941
ENR,33.984505,-118.432320,29-DEC-17 09.39.13.000000 PM UTC,201712290941
ONS,33.984505,-118.432320,29-DEC-17 09.39.13.000000 PM UTC,201712290941
ONS,33.987907,-118.433464,29-DEC-17 09.42.28.000000 PM UTC,201712290941
ENR,34.005589,-118.428764,30-DEC-17 07.16.47.000000 AM UTC,201712291843
ENR,34.005669,-118.428665,30-DEC-17 07.16.55.000000 AM UTC,201712291843
ENR,34.005756,-118.428551,30-DEC-17 07.17.26.000000 AM UTC,201712291843
ENR,34.005779,-118.428650,30-DEC-17 07.17.57.000000 AM UTC,201712291843
ENR,34.005733,-118.428741,30-DEC-17 07.18.28.000000 AM UTC,201712291843
ENR,34.005562,-118.428696,30-DEC-17 07.18.59.000000 AM UTC,201712291843
ENR,34.002396,-118.426048,30-DEC-17 07.19.30.000000 AM UTC,201712291843
ENR,33.999733,-118.423874,30-DEC-17 07.20.01.000000 AM UTC,201712291843
ENR,33.997089,-118.421280,30-DEC-17 07.20.32.000000 AM UTC,201712291843
ENR,33.994667,-118.417595,30-DEC-17 07.21.03.000000 AM UTC,201712291843
ENR,33.992477,-118.414299,30-DEC-17 07.21.34.000000 AM UTC,201712291843
ENR,33.989483,-118.411362,30-DEC-17 07.22.05.000000 AM UTC,201712291843
ENR,33.989773,-118.411568,30-DEC-17 07.22.36.000000 AM UTC,201712291843
ENR,33.992744,-118.414345,30-DEC-17 07.23.07.000000 AM UTC,201712291843
ENR,33.995918,-118.412056,30-DEC-17 07.23.38.000000 AM UTC,201712291843
ENR,33.999313,-118.409599,30-DEC-17 07.24.09.000000 AM UTC,201712291843
ENR,33.999458,-118.407150,30-DEC-17 07.24.40.000000 AM UTC,201712291843
ENR,33.999023,-118.406395,30-DEC-17 07.24.48.000000 AM UTC,201712291843
ONS,33.999023,-118.406395,30-DEC-17 07.24.48.000000 AM UTC,201712291843
ONS,33.999496,-118.404198,30-DEC-17 07.29.57.000000 AM UTC,201712291843
ENR,34.005733,-118.428696,30-DEC-17 07.58.56.000000 AM UTC,201712291854
ENR,34.005669,-118.428757,30-DEC-17 07.59.05.000000 AM UTC,201712291854
ENR,34.005833,-118.428482,30-DEC-17 07.59.36.000000 AM UTC,201712291854
ENR,34.005920,-118.428406,30-DEC-17 08.00.07.000000 AM UTC,201712291854
ENR,34.004723,-118.427742,30-DEC-17 08.00.38.000000 AM UTC,201712291854
ENR,34.002003,-118.425484,30-DEC-17 08.01.09.000000 AM UTC,201712291854
ENR,34.004498,-118.421196,30-DEC-17 08.01.40.000000 AM UTC,201712291854
ENR,34.005142,-118.420303,30-DEC-17 08.01.57.000000 AM UTC,201712291854
ONS,34.005142,-118.420303,30-DEC-17 08.01.57.000000 AM UTC,201712291854
ONS,34.005093,-118.420273,30-DEC-17 08.11.41.000000 AM UTC,201712291854
ONS,34.005085,-118.420219,30-DEC-17 08.19.50.000000 AM UTC,201712291854
ENR,34.005550,-118.428734,30-DEC-17 10.02.34.000000 AM UTC,201712300116
ENR,34.005566,-118.428719,30-DEC-17 10.02.37.000000 AM UTC,201712300116
ENR,34.005646,-118.428642,30-DEC-17 10.03.08.000000 AM UTC,201712300116
ENR,34.005623,-118.428726,30-DEC-17 10.03.39.000000 AM UTC,201712300116
ENR,34.005581,-118.428810,30-DEC-17 10.04.10.000000 AM UTC,201712300116
ENR,34.005577,-118.428841,30-DEC-17 10.04.41.000000 AM UTC,201712300116
ENR,34.005566,-118.430298,30-DEC-17 10.05.12.000000 AM UTC,201712300116
ENR,34.004318,-118.434158,30-DEC-17 10.05.43.000000 AM UTC,201712300116
ENR,34.008995,-118.437675,30-DEC-17 10.06.14.000000 AM UTC,201712300116
ENR,34.009190,-118.439796,30-DEC-17 10.06.45.000000 AM UTC,201712300116
ENR,34.009094,-118.439964,30-DEC-17 10.06.48.000000 AM UTC,201712300116
ONS,34.009094,-118.439964,30-DEC-17 10.06.48.000000 AM UTC,201712300116
ONS,34.008953,-118.440125,30-DEC-17 10.16.46.000000 AM UTC,201712300116
ONS,33.989685,-118.429916,30-DEC-17 10.26.47.000000 AM UTC,201712300116
ONS,33.985832,-118.443550,30-DEC-17 10.35.03.000000 AM UTC,201712300116
ENR,34.005672,-118.428490,30-DEC-17 05.16.22.000000 PM UTC,201712300454
ENR,34.005676,-118.428490,30-DEC-17 05.16.25.000000 PM UTC,201712300454
ENR,34.005722,-118.428635,30-DEC-17 05.16.56.000000 PM UTC,201712300454
ENR,34.004883,-118.431381,30-DEC-17 05.17.27.000000 PM UTC,201712300454
ENR,34.005695,-118.435104,30-DEC-17 05.17.58.000000 PM UTC,201712300454
ENR,34.010441,-118.438744,30-DEC-17 05.18.29.000000 PM UTC,201712300454
ENR,34.008404,-118.442558,30-DEC-17 05.19.00.000000 PM UTC,201712300454
ENR,34.006222,-118.446655,30-DEC-17 05.19.31.000000 PM UTC,201712300454
ENR,34.005459,-118.449173,30-DEC-17 05.20.02.000000 PM UTC,201712300454
ENR,34.007519,-118.450745,30-DEC-17 05.20.26.000000 PM UTC,201712300454
ONS,34.007519,-118.450745,30-DEC-17 05.20.26.000000 PM UTC,201712300454
ONS,34.007317,-118.451332,30-DEC-17 05.22.45.000000 PM UTC,201712300454
ENR,34.005817,-118.428261,30-DEC-17 10.17.21.000000 PM UTC,201712300908
ENR,34.005833,-118.428276,30-DEC-17 10.17.23.000000 PM UTC,201712300908
ENR,34.005573,-118.428436,30-DEC-17 10.17.54.000000 PM UTC,201712300908
ENR,34.002350,-118.425903,30-DEC-17 10.18.25.000000 PM UTC,201712300908
ENR,33.999966,-118.424019,30-DEC-17 10.18.56.000000 PM UTC,201712300908
ENR,33.996685,-118.420654,30-DEC-17 10.19.27.000000 PM UTC,201712300908
ENR,33.993687,-118.416077,30-DEC-17 10.19.58.000000 PM UTC,201712300908
ENR,33.992828,-118.414780,30-DEC-17 10.20.07.000000 PM UTC,201712300908
ONS,33.992828,-118.414780,30-DEC-17 10.20.07.000000 PM UTC,201712300908
ONS,33.993324,-118.413963,30-DEC-17 10.29.59.000000 PM UTC,201712300908
ONS,33.994045,-118.413383,30-DEC-17 10.33.06.000000 PM UTC,201712300908
ENR,34.005856,-118.428474,31-DEC-17 02.08.02.000000 AM UTC,201712301262
ENR,34.005852,-118.428474,31-DEC-17 02.08.04.000000 AM UTC,201712301262
ENR,34.005829,-118.428391,31-DEC-17 02.08.35.000000 AM UTC,201712301262
ENR,34.005566,-118.428474,31-DEC-17 02.09.06.000000 AM UTC,201712301262
ENR,34.002148,-118.425735,31-DEC-17 02.09.37.000000 AM UTC,201712301262
ENR,34.000107,-118.424339,31-DEC-17 02.10.08.000000 AM UTC,201712301262
ENR,34.000099,-118.424355,31-DEC-17 02.10.39.000000 AM UTC,201712301262
ENR,34.000099,-118.424355,31-DEC-17 02.11.10.000000 AM UTC,201712301262
ENR,34.000107,-118.424362,31-DEC-17 02.11.41.000000 AM UTC,201712301262
ENR,34.000114,-118.424370,31-DEC-17 02.12.12.000000 AM UTC,201712301262
ENR,34.000118,-118.424370,31-DEC-17 02.12.43.000000 AM UTC,201712301262
ENR,34.000122,-118.424370,31-DEC-17 02.13.14.000000 AM UTC,201712301262
ENR,34.000130,-118.424377,31-DEC-17 02.13.45.000000 AM UTC,201712301262
ENR,34.000134,-118.424377,31-DEC-17 02.14.16.000000 AM UTC,201712301262
ENR,34.000134,-118.424385,31-DEC-17 02.14.47.000000 AM UTC,201712301262
ENR,34.000134,-118.424377,31-DEC-17 02.15.18.000000 AM UTC,201712301262
ENR,34.000134,-118.424377,31-DEC-17 02.15.49.000000 AM UTC,201712301262
ENR,34.000141,-118.424370,31-DEC-17 02.16.20.000000 AM UTC,201712301262
ENR,34.000141,-118.424370,31-DEC-17 02.16.51.000000 AM UTC,201712301262
ENR,34.000141,-118.424370,31-DEC-17 02.17.22.000000 AM UTC,201712301262
ENR,34.000141,-118.424370,31-DEC-17 02.17.53.000000 AM UTC,201712301262
ENR,34.000137,-118.424370,31-DEC-17 02.18.24.000000 AM UTC,201712301262
ENR,34.000141,-118.424377,31-DEC-17 02.18.55.000000 AM UTC,201712301262
ENR,34.000141,-118.424377,31-DEC-17 02.19.26.000000 AM UTC,201712301262
ENR,34.000141,-118.424385,31-DEC-17 02.19.57.000000 AM UTC,201712301262
ENR,34.000141,-118.424385,31-DEC-17 02.20.28.000000 AM UTC,201712301262
ENR,34.000137,-118.424385,31-DEC-17 02.20.59.000000 AM UTC,201712301262
ENR,34.000137,-118.424385,31-DEC-17 02.21.30.000000 AM UTC,201712301262
ENR,34.000137,-118.424385,31-DEC-17 02.22.01.000000 AM UTC,201712301262
ENR,34.000141,-118.424385,31-DEC-17 02.22.32.000000 AM UTC,201712301262
ENR,34.000141,-118.424385,31-DEC-17 02.23.03.000000 AM UTC,201712301262
ENR,34.000134,-118.424377,31-DEC-17 02.23.34.000000 AM UTC,201712301262
ENR,34.000130,-118.424377,31-DEC-17 02.24.05.000000 AM UTC,201712301262
ENR,34.000130,-118.424370,31-DEC-17 02.24.36.000000 AM UTC,201712301262
ENR,34.000130,-118.424370,31-DEC-17 02.25.00.000000 AM UTC,201712301262
ENR,34.005817,-118.428429,31-DEC-17 04.38.53.000000 AM UTC,201712301491
ENR,34.005833,-118.428436,31-DEC-17 04.38.55.000000 AM UTC,201712301491
ENR,34.005676,-118.428665,31-DEC-17 04.39.26.000000 AM UTC,201712301491
ENR,34.005642,-118.428558,31-DEC-17 04.39.57.000000 AM UTC,201712301491
ENR,33.999889,-118.423965,31-DEC-17 04.40.59.000000 AM UTC,201712301491
ENR,33.996685,-118.420662,31-DEC-17 04.41.30.000000 AM UTC,201712301491
ENR,33.994270,-118.418236,31-DEC-17 04.42.01.000000 AM UTC,201712301491
ENR,33.991829,-118.420082,31-DEC-17 04.42.32.000000 AM UTC,201712301491
ENR,34.005880,-118.428172,31-DEC-17 04.42.32.000000 AM UTC,201712301491
ONS,34.005880,-118.428172,31-DEC-17 04.42.32.000000 AM UTC,201712301491
ONS,33.991852,-118.420059,31-DEC-17 04.52.33.000000 AM UTC,201712301491
ONS,33.991859,-118.420059,31-DEC-17 05.02.34.000000 AM UTC,201712301491
ONS,33.997025,-118.428459,31-DEC-17 05.05.47.000000 AM UTC,201712301491
ENR,34.005829,-118.428406,31-DEC-17 05.53.26.000000 AM UTC,201712301599
ENR,34.005821,-118.428398,31-DEC-17 05.53.28.000000 AM UTC,201712301599
ENR,34.005795,-118.428398,31-DEC-17 05.53.59.000000 AM UTC,201712301599
ENR,34.005737,-118.428505,31-DEC-17 05.54.30.000000 AM UTC,201712301599
ENR,34.003368,-118.426704,31-DEC-17 05.55.01.000000 AM UTC,201712301599
ENR,34.001186,-118.424980,31-DEC-17 05.55.32.000000 AM UTC,201712301599
ENR,33.998745,-118.424042,31-DEC-17 05.56.03.000000 AM UTC,201712301599
ENR,33.998772,-118.424423,31-DEC-17 05.56.16.000000 AM UTC,201712301599
ONS,33.998772,-118.424423,31-DEC-17 05.56.16.000000 AM UTC,201712301599
ONS,33.998772,-118.424446,31-DEC-17 06.06.04.000000 AM UTC,201712301599
ONS,33.998749,-118.424408,31-DEC-17 06.07.31.000000 AM UTC,201712301599
ENR,34.005764,-118.428452,31-DEC-17 01.36.23.000000 PM UTC,201712310293
ENR,34.005768,-118.428459,31-DEC-17 01.36.25.000000 PM UTC,201712310293
ENR,34.005791,-118.428497,31-DEC-17 01.36.56.000000 PM UTC,201712310293
ENR,34.005657,-118.428497,31-DEC-17 01.37.27.000000 PM UTC,201712310293
ENR,34.005638,-118.428581,31-DEC-17 01.37.58.000000 PM UTC,201712310293
ENR,34.005768,-118.428551,31-DEC-17 01.38.29.000000 PM UTC,201712310293
ENR,34.005745,-118.428505,31-DEC-17 01.39.00.000000 PM UTC,201712310293
ENR,34.005749,-118.428497,31-DEC-17 01.39.31.000000 PM UTC,201712310293
ENR,34.006020,-118.428818,31-DEC-17 01.40.02.000000 PM UTC,201712310293
ENR,34.004456,-118.432243,31-DEC-17 01.40.33.000000 PM UTC,201712310293
ENR,34.006176,-118.435455,31-DEC-17 01.41.04.000000 PM UTC,201712310293
ENR,34.006416,-118.435577,31-DEC-17 01.41.35.000000 PM UTC,201712310293
ENR,34.006413,-118.435562,31-DEC-17 01.42.06.000000 PM UTC,201712310293
ENR,34.006413,-118.435547,31-DEC-17 01.42.37.000000 PM UTC,201712310293
ENR,34.006416,-118.435539,31-DEC-17 01.43.08.000000 PM UTC,201712310293
ENR,34.006420,-118.435539,31-DEC-17 01.43.39.000000 PM UTC,201712310293
ENR,34.006424,-118.435532,31-DEC-17 01.44.10.000000 PM UTC,201712310293
ENR,34.006424,-118.435532,31-DEC-17 01.44.41.000000 PM UTC,201712310293
ENR,34.006424,-118.435532,31-DEC-17 01.45.12.000000 PM UTC,201712310293
ENR,34.006424,-118.435532,31-DEC-17 01.45.43.000000 PM UTC,201712310293
ENR,34.006424,-118.435539,31-DEC-17 01.46.14.000000 PM UTC,201712310293
ENR,34.006424,-118.435539,31-DEC-17 01.46.45.000000 PM UTC,201712310293
ENR,34.006420,-118.435539,31-DEC-17 01.47.16.000000 PM UTC,201712310293
ENR,34.006420,-118.435532,31-DEC-17 01.47.47.000000 PM UTC,201712310293
ENR,34.006424,-118.435532,31-DEC-17 01.48.18.000000 PM UTC,201712310293
ENR,34.006428,-118.435524,31-DEC-17 01.48.49.000000 PM UTC,201712310293
ENR,34.006428,-118.435524,31-DEC-17 01.49.20.000000 PM UTC,201712310293
ENR,34.006424,-118.435524,31-DEC-17 01.49.51.000000 PM UTC,201712310293
ENR,34.006424,-118.435524,31-DEC-17 01.50.22.000000 PM UTC,201712310293
ENR,34.006424,-118.435524,31-DEC-17 01.50.53.000000 PM UTC,201712310293
ENR,34.006424,-118.435516,31-DEC-17 01.51.24.000000 PM UTC,201712310293
ENR,34.006409,-118.435509,31-DEC-17 01.51.55.000000 PM UTC,201712310293
ENR,34.006405,-118.435501,31-DEC-17 01.52.26.000000 PM UTC,201712310293
ENR,34.006405,-118.435509,31-DEC-17 01.52.57.000000 PM UTC,201712310293
ENR,34.006405,-118.435509,31-DEC-17 01.53.28.000000 PM UTC,201712310293
ENR,34.006405,-118.435509,31-DEC-17 01.53.59.000000 PM UTC,201712310293
ENR,34.006405,-118.435509,31-DEC-17 01.54.30.000000 PM UTC,201712310293
ENR,34.006405,-118.435516,31-DEC-17 01.55.01.000000 PM UTC,201712310293
ENR,34.006409,-118.435516,31-DEC-17 01.55.32.000000 PM UTC,201712310293
ENR,34.006409,-118.435516,31-DEC-17 01.56.03.000000 PM UTC,201712310293
ENR,34.007854,-118.436447,31-DEC-17 01.56.31.000000 PM UTC,201712310293
ENR,34.005665,-118.428352,31-DEC-17 02.13.09.000000 PM UTC,201712310321
ENR,34.005836,-118.428345,31-DEC-17 02.13.31.000000 PM UTC,201712310321
ENR,34.005733,-118.428429,31-DEC-17 02.14.02.000000 PM UTC,201712310321
ENR,34.005768,-118.428520,31-DEC-17 02.14.33.000000 PM UTC,201712310321
ENR,34.005707,-118.428642,31-DEC-17 02.15.04.000000 PM UTC,201712310321
ENR,34.005520,-118.430351,31-DEC-17 02.15.35.000000 PM UTC,201712310321
ENR,34.002243,-118.436607,31-DEC-17 02.16.06.000000 PM UTC,201712310321
ENR,34.001606,-118.437881,31-DEC-17 02.16.13.000000 PM UTC,201712310321
ONS,34.001606,-118.437881,31-DEC-17 02.16.13.000000 PM UTC,201712310321
ONS,34.001122,-118.438774,31-DEC-17 02.26.07.000000 PM UTC,201712310321
ONS,34.005852,-118.428169,31-DEC-17 02.30.49.000000 PM UTC,201712310321
ENR,34.005764,-118.428192,31-DEC-17 03.31.24.000000 PM UTC,201712310395
ENR,34.005718,-118.428192,31-DEC-17 03.31.38.000000 PM UTC,201712310395
ENR,34.005741,-118.428276,31-DEC-17 03.32.09.000000 PM UTC,201712310395
ENR,34.005741,-118.428246,31-DEC-17 03.32.40.000000 PM UTC,201712310395
ENR,34.005726,-118.428291,31-DEC-17 03.33.11.000000 PM UTC,201712310395
ENR,34.003433,-118.426743,31-DEC-17 03.33.42.000000 PM UTC,201712310395
ENR,34.002499,-118.424309,31-DEC-17 03.34.13.000000 PM UTC,201712310395
ENR,34.003670,-118.420654,31-DEC-17 03.34.44.000000 PM UTC,201712310395
ENR,34.002079,-118.419418,31-DEC-17 03.35.06.000000 PM UTC,201712310395
ONS,34.002079,-118.419418,31-DEC-17 03.35.06.000000 PM UTC,201712310395
ONS,34.000271,-118.417976,31-DEC-17 03.39.22.000000 PM UTC,201712310395
ENR,34.005821,-118.428459,31-DEC-17 04.51.04.000000 PM UTC,201712310456
ENR,34.005840,-118.428490,31-DEC-17 04.51.18.000000 PM UTC,201712310456
ENR,34.005836,-118.428505,31-DEC-17 04.51.49.000000 PM UTC,201712310456
ENR,34.005787,-118.428421,31-DEC-17 04.52.20.000000 PM UTC,201712310456
ENR,34.005749,-118.428429,31-DEC-17 04.52.51.000000 PM UTC,201712310456
ENR,34.005077,-118.428101,31-DEC-17 04.53.22.000000 PM UTC,201712310456
ENR,34.002155,-118.425758,31-DEC-17 04.53.53.000000 PM UTC,201712310456
ENR,34.001972,-118.425606,31-DEC-17 04.54.24.000000 PM UTC,201712310456
ENR,33.998882,-118.423164,31-DEC-17 04.54.55.000000 PM UTC,201712310456
ENR,33.998077,-118.419601,31-DEC-17 04.55.26.000000 PM UTC,201712310456
ENR,33.999836,-118.417831,31-DEC-17 04.55.57.000000 PM UTC,201712310456
ENR,34.001198,-118.416229,31-DEC-17 04.56.28.000000 PM UTC,201712310456
ENR,34.001705,-118.415962,31-DEC-17 04.56.59.000000 PM UTC,201712310456
ENR,34.003841,-118.414749,31-DEC-17 04.57.30.000000 PM UTC,201712310456
ENR,34.006046,-118.413521,31-DEC-17 04.57.56.000000 PM UTC,201712310456
ONS,34.006046,-118.413521,31-DEC-17 04.57.56.000000 PM UTC,201712310456
ONS,34.006638,-118.413246,31-DEC-17 04.58.01.000000 PM UTC,201712310456
ONS,34.006638,-118.413246,31-DEC-17 04.58.01.000000 PM UTC,201712310456
ONS,34.004650,-118.409760,31-DEC-17 05.02.20.000000 PM UTC,201712310456
ENR,34.005959,-118.428352,31-DEC-17 07.11.43.000000 PM UTC,201712310631
ENR,34.005962,-118.428352,31-DEC-17 07.11.55.000000 PM UTC,201712310631
ENR,34.006035,-118.428345,31-DEC-17 07.12.26.000000 PM UTC,201712310631
ENR,34.006054,-118.428391,31-DEC-17 07.12.57.000000 PM UTC,201712310631
ENR,34.005913,-118.428421,31-DEC-17 07.13.28.000000 PM UTC,201712310631
ENR,34.005856,-118.428436,31-DEC-17 07.13.59.000000 PM UTC,201712310631
ENR,34.005859,-118.428535,31-DEC-17 07.14.30.000000 PM UTC,201712310631
ENR,34.005844,-118.428757,31-DEC-17 07.15.01.000000 PM UTC,201712310631
ENR,34.005108,-118.431160,31-DEC-17 07.15.32.000000 PM UTC,201712310631
ENR,34.003857,-118.433739,31-DEC-17 07.16.03.000000 PM UTC,201712310631
ENR,34.005508,-118.435089,31-DEC-17 07.16.34.000000 PM UTC,201712310631
ENR,34.005508,-118.435059,31-DEC-17 07.17.05.000000 PM UTC,201712310631
ENR,34.005516,-118.435043,31-DEC-17 07.17.36.000000 PM UTC,201712310631
ENR,34.005524,-118.435036,31-DEC-17 07.18.07.000000 PM UTC,201712310631
ENR,34.005524,-118.435028,31-DEC-17 07.18.38.000000 PM UTC,201712310631
ENR,34.005520,-118.435020,31-DEC-17 07.19.09.000000 PM UTC,201712310631
ENR,34.005524,-118.435020,31-DEC-17 07.19.40.000000 PM UTC,201712310631
ENR,34.005516,-118.435020,31-DEC-17 07.20.11.000000 PM UTC,201712310631
ENR,34.005520,-118.435028,31-DEC-17 07.20.42.000000 PM UTC,201712310631
ENR,34.005524,-118.435043,31-DEC-17 07.21.13.000000 PM UTC,201712310631
ENR,34.005508,-118.435028,31-DEC-17 07.21.44.000000 PM UTC,201712310631
ENR,34.005497,-118.435020,31-DEC-17 07.22.15.000000 PM UTC,201712310631
ENR,34.005508,-118.435036,31-DEC-17 07.22.46.000000 PM UTC,201712310631
ENR,34.005512,-118.435043,31-DEC-17 07.23.17.000000 PM UTC,201712310631
ENR,34.005516,-118.435028,31-DEC-17 07.23.48.000000 PM UTC,201712310631
ENR,34.005520,-118.435020,31-DEC-17 07.24.19.000000 PM UTC,201712310631
ENR,34.005520,-118.435020,31-DEC-17 07.24.50.000000 PM UTC,201712310631
ENR,34.005524,-118.435028,31-DEC-17 07.25.21.000000 PM UTC,201712310631
ENR,34.005520,-118.435013,31-DEC-17 07.25.52.000000 PM UTC,201712310631
ENR,34.005520,-118.434998,31-DEC-17 07.26.23.000000 PM UTC,201712310631
ENR,34.005497,-118.434998,31-DEC-17 07.26.54.000000 PM UTC,201712310631
ENR,34.005470,-118.435005,31-DEC-17 07.27.25.000000 PM UTC,201712310631
ENR,34.005470,-118.435020,31-DEC-17 07.27.56.000000 PM UTC,201712310631
ENR,34.005486,-118.435005,31-DEC-17 07.28.27.000000 PM UTC,201712310631
ENR,34.006908,-118.435638,31-DEC-17 07.28.58.000000 PM UTC,201712310631
ENR,34.007305,-118.433319,31-DEC-17 07.29.29.000000 PM UTC,201712310631
ENR,34.007816,-118.431847,31-DEC-17 07.30.00.000000 PM UTC,201712310631
ENR,34.005772,-118.430321,31-DEC-17 07.30.31.000000 PM UTC,201712310631
ENR,34.005726,-118.430290,31-DEC-17 07.30.44.000000 PM UTC,201712310631
ENR,34.005810,-118.428436,31-DEC-17 09.41.19.000000 PM UTC,201712310846
ENR,34.005821,-118.428429,31-DEC-17 09.41.35.000000 PM UTC,201712310846
ENR,34.005772,-118.428368,31-DEC-17 09.42.06.000000 PM UTC,201712310846
ENR,34.005695,-118.428360,31-DEC-17 09.42.37.000000 PM UTC,201712310846
ENR,34.006073,-118.428856,31-DEC-17 09.43.08.000000 PM UTC,201712310846
ENR,34.004036,-118.432808,31-DEC-17 09.43.39.000000 PM UTC,201712310846
ENR,34.001328,-118.438194,31-DEC-17 09.44.10.000000 PM UTC,201712310846
ENR,33.999645,-118.441216,31-DEC-17 09.44.29.000000 PM UTC,201712310846
ONS,33.999645,-118.441216,31-DEC-17 09.44.29.000000 PM UTC,201712310846
ONS,33.998711,-118.440414,31-DEC-17 09.54.11.000000 PM UTC,201712310846
ONS,33.998711,-118.440430,31-DEC-17 10.04.12.000000 PM UTC,201712310846
ONS,34.005852,-118.428246,31-DEC-17 10.11.57.000000 PM UTC,201712310846
ENR,34.005718,-118.428307,31-DEC-17 10.22.01.000000 PM UTC,201712310913
ENR,34.005726,-118.428314,31-DEC-17 10.22.05.000000 PM UTC,201712310913
ENR,34.005737,-118.428307,31-DEC-17 10.22.36.000000 PM UTC,201712310913
ENR,34.005836,-118.428322,31-DEC-17 10.23.07.000000 PM UTC,201712310913
ENR,34.005795,-118.428467,31-DEC-17 10.23.38.000000 PM UTC,201712310913
ENR,34.005753,-118.429939,31-DEC-17 10.24.09.000000 PM UTC,201712310913
ENR,34.003773,-118.433578,31-DEC-17 10.24.40.000000 PM UTC,201712310913
ENR,34.001701,-118.437683,31-DEC-17 10.25.11.000000 PM UTC,201712310913
ENR,33.998123,-118.444763,31-DEC-17 10.25.42.000000 PM UTC,201712310913
ENR,33.995010,-118.450966,31-DEC-17 10.26.13.000000 PM UTC,201712310913
ENR,33.994549,-118.451485,31-DEC-17 10.26.35.000000 PM UTC,201712310913
ENR,34.005932,-118.428406,01-JAN-18 02.20.28.000000 AM UTC,201712311264
ENR,34.005814,-118.428421,01-JAN-18 02.20.42.000000 AM UTC,201712311264
ENR,34.005730,-118.428413,01-JAN-18 02.21.13.000000 AM UTC,201712311264
ENR,34.005718,-118.428543,01-JAN-18 02.21.44.000000 AM UTC,201712311264
ENR,34.007244,-118.427002,01-JAN-18 02.22.15.000000 AM UTC,201712311264
ENR,34.010143,-118.425758,01-JAN-18 02.22.46.000000 AM UTC,201712311264
ENR,34.014061,-118.428749,01-JAN-18 02.23.17.000000 AM UTC,201712311264
ENR,34.015648,-118.430008,01-JAN-18 02.23.28.000000 AM UTC,201712311264
ONS,34.015648,-118.430008,01-JAN-18 02.23.28.000000 AM UTC,201712311264
ONS,34.016258,-118.430580,01-JAN-18 02.33.18.000000 AM UTC,201712311264
ONS,34.014713,-118.429329,01-JAN-18 02.41.36.000000 AM UTC,201712311264
ENR,34.005772,-118.428421,01-JAN-18 04.51.18.000000 AM UTC,201712311484
ENR,34.005772,-118.428398,01-JAN-18 04.51.30.000000 AM UTC,201712311484
ENR,34.005650,-118.428375,01-JAN-18 04.52.01.000000 AM UTC,201712311484
ENR,34.005589,-118.428383,01-JAN-18 04.52.32.000000 AM UTC,201712311484
ENR,34.003304,-118.426674,01-JAN-18 04.53.03.000000 AM UTC,201712311484
ENR,34.001369,-118.426453,01-JAN-18 04.53.34.000000 AM UTC,201712311484
ENR,33.999489,-118.430191,01-JAN-18 04.54.05.000000 AM UTC,201712311484
ENR,33.996201,-118.427650,01-JAN-18 04.54.36.000000 AM UTC,201712311484
ENR,33.992157,-118.422440,01-JAN-18 04.55.07.000000 AM UTC,201712311484
ENR,33.991589,-118.422272,01-JAN-18 04.55.19.000000 AM UTC,201712311484
ONS,33.991589,-118.422272,01-JAN-18 04.55.19.000000 AM UTC,201712311484
ONS,33.989635,-118.426239,01-JAN-18 05.05.08.000000 AM UTC,201712311484
ONS,33.992821,-118.423492,01-JAN-18 05.15.09.000000 AM UTC,201712311484
ONS,33.992905,-118.423416,01-JAN-18 05.15.21.000000 AM UTC,201712311484
ENR,34.005646,-118.428642,01-JAN-18 06.58.57.000000 AM UTC,201712311679
ENR,34.005669,-118.428635,01-JAN-18 06.58.59.000000 AM UTC,201712311679
ENR,34.005688,-118.428642,01-JAN-18 06.59.30.000000 AM UTC,201712311679
ENR,34.005657,-118.428658,01-JAN-18 07.00.01.000000 AM UTC,201712311679
ENR,34.005657,-118.428635,01-JAN-18 07.00.32.000000 AM UTC,201712311679
ENR,34.006115,-118.429001,01-JAN-18 07.01.03.000000 AM UTC,201712311679
ENR,34.004135,-118.432793,01-JAN-18 07.01.34.000000 AM UTC,201712311679
ENR,34.003723,-118.433556,01-JAN-18 07.01.44.000000 AM UTC,201712311679
ONS,34.003723,-118.433556,01-JAN-18 07.01.44.000000 AM UTC,201712311679
ONS,34.003838,-118.433884,01-JAN-18 07.11.35.000000 AM UTC,201712311679
ONS,34.003826,-118.433891,01-JAN-18 07.21.36.000000 AM UTC,201712311679
ONS,34.003883,-118.433723,01-JAN-18 07.25.02.000000 AM UTC,201712311679
ENR,34.005775,-118.428596,01-JAN-18 09.04.49.000000 AM UTC,201801010108
ENR,34.005764,-118.428619,01-JAN-18 09.04.52.000000 AM UTC,201801010108
ENR,34.005764,-118.428604,01-JAN-18 09.05.23.000000 AM UTC,201801010108
ENR,34.005692,-118.428604,01-JAN-18 09.05.54.000000 AM UTC,201801010108
ENR,34.005684,-118.428619,01-JAN-18 09.06.25.000000 AM UTC,201801010108
ENR,34.005161,-118.428375,01-JAN-18 09.06.56.000000 AM UTC,201801010108
ENR,34.001900,-118.425667,01-JAN-18 09.07.27.000000 AM UTC,201801010108
ENR,34.004135,-118.421654,01-JAN-18 09.07.58.000000 AM UTC,201801010108
ENR,34.002529,-118.419807,01-JAN-18 09.08.23.000000 AM UTC,201801010108
ONS,34.002529,-118.419807,01-JAN-18 09.08.23.000000 AM UTC,201801010108
ONS,34.000580,-118.424431,01-JAN-18 09.15.21.000000 AM UTC,201801010108
ENR,34.005867,-118.428406,01-JAN-18 10.17.29.000000 AM UTC,201801010203
ENR,34.005871,-118.428391,01-JAN-18 10.17.31.000000 AM UTC,201801010203
ENR,34.005764,-118.428535,01-JAN-18 10.18.02.000000 AM UTC,201801010203
ENR,34.005775,-118.428619,01-JAN-18 10.18.33.000000 AM UTC,201801010203
ENR,34.005806,-118.428566,01-JAN-18 10.19.04.000000 AM UTC,201801010203
ENR,34.006168,-118.428856,01-JAN-18 10.19.35.000000 AM UTC,201801010203
ENR,34.008518,-118.424789,01-JAN-18 10.20.06.000000 AM UTC,201801010203
ENR,34.012501,-118.427620,01-JAN-18 10.20.37.000000 AM UTC,201801010203
ENR,34.016457,-118.430618,01-JAN-18 10.21.08.000000 AM UTC,201801010203
ENR,34.019505,-118.436119,01-JAN-18 10.21.39.000000 AM UTC,201801010203
ENR,34.024788,-118.440262,01-JAN-18 10.22.10.000000 AM UTC,201801010203
ENR,34.030521,-118.444763,01-JAN-18 10.22.42.000000 AM UTC,201801010203
ENR,34.034466,-118.447990,01-JAN-18 10.23.13.000000 AM UTC,201801010203
ENR,34.038883,-118.451820,01-JAN-18 10.23.44.000000 AM UTC,201801010203
ENR,34.042164,-118.454636,01-JAN-18 10.24.15.000000 AM UTC,201801010203
ENR,34.043259,-118.457489,01-JAN-18 10.24.39.000000 AM UTC,201801010203
ONS,34.043259,-118.457489,01-JAN-18 10.24.39.000000 AM UTC,201801010203
ONS,34.019547,-118.444908,01-JAN-18 10.34.16.000000 AM UTC,201801010203
ONS,34.005489,-118.428123,01-JAN-18 10.37.43.000000 AM UTC,201801010203
ENR,34.005707,-118.428383,01-JAN-18 10.40.13.000000 AM UTC,201801010264
ENR,34.005661,-118.428345,01-JAN-18 10.40.24.000000 AM UTC,201801010264
ENR,34.005627,-118.428345,01-JAN-18 10.40.55.000000 AM UTC,201801010264
ENR,34.005474,-118.428474,01-JAN-18 10.41.26.000000 AM UTC,201801010264
ENR,34.002110,-118.425766,01-JAN-18 10.41.57.000000 AM UTC,201801010264
ENR,34.003399,-118.422821,01-JAN-18 10.42.28.000000 AM UTC,201801010264
ENR,34.001076,-118.420547,01-JAN-18 10.42.59.000000 AM UTC,201801010264
ENR,34.000256,-118.420441,01-JAN-18 10.43.13.000000 AM UTC,201801010264
ONS,34.000256,-118.420441,01-JAN-18 10.43.13.000000 AM UTC,201801010264
ONS,33.999966,-118.420067,01-JAN-18 10.53.00.000000 AM UTC,201801010264
ONS,34.003181,-118.423462,01-JAN-18 10.54.59.000000 AM UTC,201801010264
ENR,34.005684,-118.428459,01-JAN-18 12.00.34.000000 PM UTC,201801010353
ENR,34.005672,-118.428459,01-JAN-18 12.00.35.000000 PM UTC,201801010353
ENR,34.005589,-118.428360,01-JAN-18 12.01.06.000000 PM UTC,201801010353
ENR,34.005615,-118.428299,01-JAN-18 12.01.37.000000 PM UTC,201801010353
ENR,34.005615,-118.428398,01-JAN-18 12.02.08.000000 PM UTC,201801010353
ENR,34.007191,-118.429771,01-JAN-18 12.02.39.000000 PM UTC,201801010353
ENR,34.009014,-118.428978,01-JAN-18 12.03.10.000000 PM UTC,201801010353
ENR,34.008568,-118.427681,01-JAN-18 12.03.41.000000 PM UTC,201801010353
ENR,34.008450,-118.427582,01-JAN-18 12.03.49.000000 PM UTC,201801010353
ONS,34.008450,-118.427582,01-JAN-18 12.03.49.000000 PM UTC,201801010353
ONS,34.005886,-118.427979,01-JAN-18 12.07.15.000000 PM UTC,201801010353
ENR,33.991974,-118.446342,01-JAN-18 08.14.34.000000 PM UTC,201801010890
ENR,33.991974,-118.446342,01-JAN-18 08.14.37.000000 PM UTC,201801010890
ENR,33.991978,-118.446350,01-JAN-18 08.15.08.000000 PM UTC,201801010890
ENR,33.991974,-118.446342,01-JAN-18 08.15.39.000000 PM UTC,201801010890
ENR,33.992275,-118.446335,01-JAN-18 08.16.10.000000 PM UTC,201801010890
ENR,33.991798,-118.446510,01-JAN-18 08.16.41.000000 PM UTC,201801010890
ENR,33.992149,-118.444290,01-JAN-18 08.17.12.000000 PM UTC,201801010890
ENR,33.994106,-118.444054,01-JAN-18 08.17.43.000000 PM UTC,201801010890
ENR,33.994278,-118.444138,01-JAN-18 08.17.46.000000 PM UTC,201801010890
ENR,34.005726,-118.428200,02-JAN-18 01.03.47.000000 AM UTC,201801011319
ENR,34.005737,-118.428215,02-JAN-18 01.03.58.000000 AM UTC,201801011319
ENR,34.005756,-118.428185,02-JAN-18 01.04.29.000000 AM UTC,201801011319
ENR,34.005791,-118.428490,02-JAN-18 01.05.00.000000 AM UTC,201801011319
ENR,34.007648,-118.426064,02-JAN-18 01.05.31.000000 AM UTC,201801011319
ENR,34.010365,-118.425850,02-JAN-18 01.06.02.000000 AM UTC,201801011319
ENR,34.014072,-118.428818,02-JAN-18 01.06.33.000000 AM UTC,201801011319
ENR,34.013733,-118.429611,02-JAN-18 01.06.45.000000 AM UTC,201801011319
ONS,34.013733,-118.429611,02-JAN-18 01.06.45.000000 AM UTC,201801011319
ONS,34.014908,-118.429489,02-JAN-18 01.12.29.000000 AM UTC,201801011319
ENR,33.996181,-118.448616,02-JAN-18 01.17.52.000000 AM UTC,201801011336
ENR,33.995747,-118.449059,02-JAN-18 01.18.03.000000 AM UTC,201801011336
ENR,33.998142,-118.444443,02-JAN-18 01.18.34.000000 AM UTC,201801011336
ENR,33.999626,-118.441322,02-JAN-18 01.19.05.000000 AM UTC,201801011336
ENR,34.002319,-118.436150,02-JAN-18 01.19.36.000000 AM UTC,201801011336
ENR,34.002495,-118.432640,02-JAN-18 01.20.07.000000 AM UTC,201801011336
ENR,33.997337,-118.428741,02-JAN-18 01.20.38.000000 AM UTC,201801011336
ENR,33.993279,-118.423828,02-JAN-18 01.21.09.000000 AM UTC,201801011336
ENR,33.989670,-118.419167,02-JAN-18 01.21.40.000000 AM UTC,201801011336
ENR,33.991974,-118.415337,02-JAN-18 01.22.11.000000 AM UTC,201801011336
ENR,33.991726,-118.412674,02-JAN-18 01.22.42.000000 AM UTC,201801011336
ONS,33.991726,-118.412674,02-JAN-18 01.22.42.000000 AM UTC,201801011336
ONS,33.994530,-118.411781,02-JAN-18 01.32.43.000000 AM UTC,201801011336
ONS,33.993816,-118.410370,02-JAN-18 01.42.44.000000 AM UTC,201801011336
ONS,33.991879,-118.412575,02-JAN-18 01.44.35.000000 AM UTC,201801011336
ENR,33.994919,-118.417786,02-JAN-18 01.46.32.000000 AM UTC,201801011378
ENR,33.994984,-118.417885,02-JAN-18 01.46.34.000000 AM UTC,201801011378
ENR,33.997768,-118.422173,02-JAN-18 01.47.05.000000 AM UTC,201801011378
ENR,34.001488,-118.425133,02-JAN-18 01.47.36.000000 AM UTC,201801011378
ENR,34.004131,-118.427200,02-JAN-18 01.48.07.000000 AM UTC,201801011378
ENR,34.004944,-118.427841,02-JAN-18 01.48.13.000000 AM UTC,201801011378
ONS,34.004944,-118.427841,02-JAN-18 01.48.13.000000 AM UTC,201801011378
ONS,34.006207,-118.428978,02-JAN-18 01.54.33.000000 AM UTC,201801011378
ENR,34.005459,-118.430351,02-JAN-18 01.54.47.000000 AM UTC,201801011389
ENR,34.003868,-118.433243,02-JAN-18 01.55.06.000000 AM UTC,201801011389
ENR,34.000614,-118.431267,02-JAN-18 01.55.37.000000 AM UTC,201801011389
ENR,33.997814,-118.429146,02-JAN-18 01.56.08.000000 AM UTC,201801011389
ENR,33.996990,-118.428505,02-JAN-18 01.56.19.000000 AM UTC,201801011389
ONS,33.996990,-118.428505,02-JAN-18 01.56.19.000000 AM UTC,201801011389
ONS,33.999146,-118.430069,02-JAN-18 02.04.49.000000 AM UTC,201801011389
ENR,34.005798,-118.428238,02-JAN-18 03.27.12.000000 AM UTC,201801011505
ENR,34.005806,-118.428253,02-JAN-18 03.27.15.000000 AM UTC,201801011505
ENR,34.005802,-118.428299,02-JAN-18 03.27.46.000000 AM UTC,201801011505
ENR,34.005756,-118.428398,02-JAN-18 03.28.17.000000 AM UTC,201801011505
ENR,34.003502,-118.426804,02-JAN-18 03.28.48.000000 AM UTC,201801011505
ENR,34.000847,-118.424698,02-JAN-18 03.29.19.000000 AM UTC,201801011505
ENR,33.997589,-118.422043,02-JAN-18 03.29.50.000000 AM UTC,201801011505
ENR,33.994888,-118.417892,02-JAN-18 03.30.21.000000 AM UTC,201801011505
ENR,33.991959,-118.413750,02-JAN-18 03.30.52.000000 AM UTC,201801011505
ENR,33.991554,-118.411911,02-JAN-18 03.31.23.000000 AM UTC,201801011505
ENR,33.991302,-118.411438,02-JAN-18 03.31.33.000000 AM UTC,201801011505
ONS,33.991302,-118.411438,02-JAN-18 03.31.33.000000 AM UTC,201801011505
ONS,33.992790,-118.409088,02-JAN-18 03.41.24.000000 AM UTC,201801011505
ONS,33.992374,-118.414101,02-JAN-18 03.51.25.000000 AM UTC,201801011505
ONS,34.005932,-118.428139,02-JAN-18 03.57.01.000000 AM UTC,201801011505
ENR,34.005859,-118.428505,02-JAN-18 04.47.52.000000 AM UTC,201801011642
ENR,34.005863,-118.428436,02-JAN-18 04.48.06.000000 AM UTC,201801011642
ENR,34.005867,-118.428360,02-JAN-18 04.48.37.000000 AM UTC,201801011642
ENR,34.005798,-118.428322,02-JAN-18 04.49.08.000000 AM UTC,201801011642
ENR,34.005669,-118.428467,02-JAN-18 04.49.39.000000 AM UTC,201801011642
ENR,34.004124,-118.427361,02-JAN-18 04.50.10.000000 AM UTC,201801011642
ENR,34.000927,-118.424805,02-JAN-18 04.50.41.000000 AM UTC,201801011642
ENR,33.997536,-118.422005,02-JAN-18 04.51.12.000000 AM UTC,201801011642
ENR,33.994423,-118.417229,02-JAN-18 04.51.43.000000 AM UTC,201801011642
ENR,33.993809,-118.413544,02-JAN-18 04.52.14.000000 AM UTC,201801011642
ENR,33.996307,-118.411110,02-JAN-18 04.52.45.000000 AM UTC,201801011642
ENR,33.995796,-118.410339,02-JAN-18 04.52.57.000000 AM UTC,201801011642
ONS,33.995796,-118.410339,02-JAN-18 04.52.57.000000 AM UTC,201801011642
ONS,33.995522,-118.409950,02-JAN-18 05.02.46.000000 AM UTC,201801011642
ONS,33.995522,-118.409950,02-JAN-18 05.12.47.000000 AM UTC,201801011642
ONS,33.995155,-118.409393,02-JAN-18 05.16.36.000000 AM UTC,201801011642
ENR,34.005627,-118.428619,02-JAN-18 06.44.36.000000 AM UTC,201801011782
ENR,34.005619,-118.428627,02-JAN-18 06.44.38.000000 AM UTC,201801011782
ENR,34.005573,-118.428581,02-JAN-18 06.45.09.000000 AM UTC,201801011782
ENR,34.005623,-118.428688,02-JAN-18 06.45.40.000000 AM UTC,201801011782
ENR,34.005562,-118.428642,02-JAN-18 06.46.11.000000 AM UTC,201801011782
ENR,34.005981,-118.428925,02-JAN-18 06.46.42.000000 AM UTC,201801011782
ENR,34.004162,-118.432800,02-JAN-18 06.47.13.000000 AM UTC,201801011782
ENR,34.002945,-118.433212,02-JAN-18 06.47.35.000000 AM UTC,201801011782
ONS,34.002945,-118.433212,02-JAN-18 06.47.35.000000 AM UTC,201801011782
ONS,34.002502,-118.433266,02-JAN-18 06.57.14.000000 AM UTC,201801011782
ONS,34.003296,-118.434151,02-JAN-18 07.06.10.000000 AM UTC,201801011782
