RECID,TIMESTMP,CON_ID,DET_ID,TAG_ID,ERRORCODE,ERRORMSG,LATENESS,SYSID,VEH_NUM,EVFLAG
80015,11/27/2017 23:21:59,0,733,6598,65792,RECEIVED: Tag ID.,0,2,60654,0
80016,11/27/2017 23:21:59,0,733,6598,67095,CREATED: Hot/Run List.,0,2,60654,0
80017,11/27/2017 23:21:59,0,733,6598,65794,RECEIVED: Resubmitted Tag ID.,0,2,60654,0
80018,11/27/2017 23:21:59,0,733,6598,68106,"SUCCESS: Dir. ""W"" determined from uni-dir DET#.",0,2,60654,0
80019,11/27/2017 23:21:59,312,733,6598,68111,ISSUED: Start prty(EV# 7).,0,2,60654,0
80027,11/27/2017 23:22:30,0,734,6598,65792,RECEIVED: Tag ID.,0,2,60654,0
80028,11/27/2017 23:22:30,0,734,6598,68098,ERROR: Det ID does not exist along current dir.,0,2,60654,0
80029,11/27/2017 23:22:30,0,734,6598,67097,CHANGED: Run List.,0,2,60654,0
80030,11/27/2017 23:22:30,0,734,6598,65794,RECEIVED: Resubmitted Tag ID.,0,2,60654,0
80031,11/27/2017 23:22:30,0,734,6598,68106,"SUCCESS: Dir. ""E"" determined from uni-dir DET#.",0,2,60654,0
80032,11/27/2017 23:22:30,314,734,6598,68111,ISSUED: Start prty(EV# 0).,0,2,60654,0
80035,11/27/2017 23:22:53,0,737,6598,65792,RECEIVED: Tag ID.,0,2,60654,0
80036,11/27/2017 23:22:53,0,737,6598,68098,ERROR: Det ID does not exist along current dir.,0,2,60654,0
80037,11/27/2017 23:22:53,0,737,6598,67097,CHANGED: Run List.,0,2,60654,0
80038,11/27/2017 23:22:53,0,737,6598,65794,RECEIVED: Resubmitted Tag ID.,0,2,60654,0
80039,11/27/2017 23:22:53,0,737,6598,68107,"SUCCESS: Dir. ""W"" determined at end point.",0,2,60654,0
80040,11/27/2017 23:22:53,313,737,6598,68111,ISSUED: Start prty(EV# 5).,0,2,60654,0
80047,11/27/2017 23:23:05,0,738,6598,65792,RECEIVED: Tag ID.,0,2,60654,0
80048,11/27/2017 23:23:05,0,738,6598,68098,ERROR: Det ID does not exist along current dir.,0,2,60654,0
80049,11/27/2017 23:23:05,0,738,6598,67085,NO MATCH: Route Table.,0,2,60654,0
80050,11/27/2017 23:23:05,0,738,6598,67084,NO MATCH: Foreign Rte Table(Det:738;Sys:2).,0,2,60654,0
80054,11/27/2017 23:23:30,0,742,6598,65792,RECEIVED: Tag ID.,0,2,60654,0
80055,11/27/2017 23:23:30,0,742,6598,68098,ERROR: Det ID does not exist along current dir.,0,2,60654,0
80056,11/27/2017 23:23:30,0,742,6598,67085,NO MATCH: Route Table.,0,2,60654,0
80057,11/27/2017 23:23:30,0,742,6598,67084,NO MATCH: Foreign Rte Table(Det:742;Sys:2).,0,2,60654,0
80058,11/27/2017 23:23:37,0,744,6598,65792,RECEIVED: Tag ID.,0,2,60654,0
80059,11/27/2017 23:23:37,0,744,6598,68098,ERROR: Det ID does not exist along current dir.,0,2,60654,0
80060,11/27/2017 23:23:37,0,744,6598,67085,NO MATCH: Route Table.,0,2,60654,0
80061,11/27/2017 23:23:37,0,744,6598,67084,NO MATCH: Foreign Rte Table(Det:744;Sys:2).,0,2,60654,0
80064,11/27/2017 23:23:49,0,746,6598,65792,RECEIVED: Tag ID.,0,2,60654,0
80065,11/27/2017 23:23:49,0,746,6598,68098,ERROR: Det ID does not exist along current dir.,0,2,60654,0
80066,11/27/2017 23:23:49,0,746,6598,67085,NO MATCH: Route Table.,0,2,60654,0
80067,11/27/2017 23:23:49,0,746,6598,67084,NO MATCH: Foreign Rte Table(Det:746;Sys:2).,0,2,60654,0
80068,11/27/2017 23:23:51,0,745,6598,65792,RECEIVED: Tag ID.,0,2,60654,0
80069,11/27/2017 23:23:51,0,745,6598,68098,ERROR: Det ID does not exist along current dir.,0,2,60654,0
80070,11/27/2017 23:23:51,0,745,6598,67085,NO MATCH: Route Table.,0,2,60654,0
80071,11/27/2017 23:23:51,0,745,6598,67084,NO MATCH: Foreign Rte Table(Det:745;Sys:2).,0,2,60654,0
80074,11/27/2017 23:23:53,0,745,6598,65792,RECEIVED: Tag ID.,0,2,60654,0
80075,11/27/2017 23:23:53,0,745,6598,68110,IGNORED: Det ID. repeated.,0,2,60654,0
80171,11/27/2017 23:27:52,0,0,6598,67101,MARKED: Hot/Run List deleted by Timeout.,0,2,60654,0
80174,11/27/2017 23:27:57,0,0,6598,67103,DELETED: Hot/Run List deleted by System.,0,2,60654,0
81990,11/28/2017 03:16:30,0,730,6598,65792,RECEIVED: Tag ID.,0,2,60654,0
81991,11/28/2017 03:16:30,0,730,6598,67095,CREATED: Hot/Run List.,0,2,60654,0
81992,11/28/2017 03:16:30,0,730,6598,65794,RECEIVED: Resubmitted Tag ID.,0,2,60654,0
81993,11/28/2017 03:16:30,0,730,6598,68106,"SUCCESS: Dir. ""E"" determined from uni-dir DET#.",0,2,60654,0
81994,11/28/2017 03:16:30,312,730,6598,68111,ISSUED: Start prty(EV# 8).,0,2,60654,0
81995,11/28/2017 03:16:39,0,830,6598,65792,RECEIVED: Tag ID.,0,2,60654,0
81996,11/28/2017 03:16:39,0,830,6598,68098,ERROR: Det ID does not exist along current dir.,0,2,60654,0
81997,11/28/2017 03:16:39,0,830,6598,67097,CHANGED: Run List.,0,2,60654,0
81998,11/28/2017 03:16:39,0,830,6598,65794,RECEIVED: Resubmitted Tag ID.,0,2,60654,0
81999,11/28/2017 03:16:39,0,830,6598,68106,"SUCCESS: Dir. ""W"" determined from uni-dir DET#.",0,2,60654,0
82000,11/28/2017 03:16:39,311,830,6598,68111,ISSUED: Start prty(EV# 6).,0,2,60654,0
82003,11/28/2017 03:16:52,0,828,6598,65792,RECEIVED: Tag ID.,0,2,60654,0
82004,11/28/2017 03:16:52,310,828,6598,68111,ISSUED: Start prty(EV# 3).,0,2,60654,0
82005,11/28/2017 03:16:58,0,726,6598,65792,RECEIVED: Tag ID.,0,2,60654,0
82006,11/28/2017 03:16:58,310,726,6598,68112,ISSUED: Cancel prty(EV# 3).,0,2,60654,0
82007,11/28/2017 03:17:01,0,724,6598,65792,RECEIVED: Tag ID.,0,2,60654,0
82008,11/28/2017 03:17:01,358,724,6598,68111,ISSUED: Start prty(EV# 8).,0,2,60654,0
82009,11/28/2017 03:17:18,0,722,6598,65792,RECEIVED: Tag ID.,0,2,60654,0
82010,11/28/2017 03:17:18,357,722,6598,68111,ISSUED: Start prty(EV# 3).,0,2,60654,0
82011,11/28/2017 03:17:29,0,720,6598,65792,RECEIVED: Tag ID.,0,2,60654,0
82012,11/28/2017 03:17:29,308,720,6598,68111,ISSUED: Start prty(EV# 3).,0,2,60654,0
82013,11/28/2017 03:17:31,0,718,6598,65792,RECEIVED: Tag ID.,0,2,60654,0
82014,11/28/2017 03:17:31,307,718,6598,68111,ISSUED: Start prty(EV# 6).,0,2,60654,0
82017,11/28/2017 03:17:39,0,717,6598,65792,RECEIVED: Tag ID.,0,2,60654,0
82018,11/28/2017 03:17:39,307,717,6598,68112,ISSUED: Cancel prty(EV# 6).,0,2,60654,0
82019,11/28/2017 03:17:45,0,716,6598,65792,RECEIVED: Tag ID.,0,2,60654,0
82020,11/28/2017 03:17:45,306,716,6598,68111,ISSUED: Start prty(EV# 5).,0,2,60654,0
82026,11/28/2017 03:17:48,0,714,6598,65792,RECEIVED: Tag ID.,0,2,60654,0
82027,11/28/2017 03:17:48,0,714,6598,67102,MARKED: Hot/Run List deleted at EOR.,0,2,60654,0
82029,11/28/2017 03:17:48,0,0,6598,67103,DELETED: Hot/Run List deleted by System.,0,2,60654,0
82039,11/28/2017 03:18:07,0,712,6598,65792,RECEIVED: Tag ID.,0,2,60654,0
82040,11/28/2017 03:18:07,0,712,6598,67085,NO MATCH: Route Table.,0,2,60654,0
82041,11/28/2017 03:18:08,0,712,6598,67084,NO MATCH: Foreign Rte Table(Det:712;Sys:2).,0,2,60654,0
82044,11/28/2017 03:18:15,0,711,6598,65792,RECEIVED: Tag ID.,0,2,60654,0
82045,11/28/2017 03:18:15,0,711,6598,67085,NO MATCH: Route Table.,0,2,60654,0
82046,11/28/2017 03:18:15,0,711,6598,67084,NO MATCH: Foreign Rte Table(Det:711;Sys:2).,0,2,60654,0
170864,11/29/2017 09:29:02,0,730,6598,65792,RECEIVED: Tag ID.,0,2,60654,0
170865,11/29/2017 09:29:02,0,730,6598,67095,CREATED: Hot/Run List.,0,2,60654,0
170866,11/29/2017 09:29:02,0,730,6598,65794,RECEIVED: Resubmitted Tag ID.,0,2,60654,0
170867,11/29/2017 09:29:02,0,730,6598,68106,"SUCCESS: Dir. ""E"" determined from uni-dir DET#.",0,2,60654,0
170868,11/29/2017 09:29:02,312,730,6598,68111,ISSUED: Start prty(EV# 13).,0,2,60654,0
170893,11/29/2017 09:29:12,0,830,6598,65792,RECEIVED: Tag ID.,0,2,60654,0
170894,11/29/2017 09:29:12,0,830,6598,68098,ERROR: Det ID does not exist along current dir.,0,2,60654,0
170895,11/29/2017 09:29:12,0,830,6598,67097,CHANGED: Run List.,0,2,60654,0
170896,11/29/2017 09:29:12,0,830,6598,65794,RECEIVED: Resubmitted Tag ID.,0,2,60654,0
170897,11/29/2017 09:29:12,0,830,6598,68106,"SUCCESS: Dir. ""W"" determined from uni-dir DET#.",0,2,60654,0
170898,11/29/2017 09:29:12,311,830,6598,68111,ISSUED: Start prty(EV# 10).,0,2,60654,0
170918,11/29/2017 09:29:26,0,828,6598,65792,RECEIVED: Tag ID.,0,2,60654,0
170919,11/29/2017 09:29:26,310,828,6598,68111,ISSUED: Start prty(EV# 7).,0,2,60654,0
171215,11/29/2017 09:33:24,0,0,6598,67101,MARKED: Hot/Run List deleted by Timeout.,0,2,60654,0
171216,11/29/2017 09:33:29,0,0,6598,67103,DELETED: Hot/Run List deleted by System.,0,2,60654,0
175081,11/29/2017 10:37:57,0,733,6598,65792,RECEIVED: Tag ID.,0,2,60654,0
175082,11/29/2017 10:37:57,0,733,6598,67095,CREATED: Hot/Run List.,0,2,60654,0
175083,11/29/2017 10:37:57,0,733,6598,65794,RECEIVED: Resubmitted Tag ID.,0,2,60654,0
175084,11/29/2017 10:37:57,0,733,6598,68106,"SUCCESS: Dir. ""W"" determined from uni-dir DET#.",0,2,60654,0
175085,11/29/2017 10:37:57,312,733,6598,68111,ISSUED: Start prty(EV# 14).,0,2,60654,0
175121,11/29/2017 10:38:25,0,734,6598,65792,RECEIVED: Tag ID.,0,2,60654,0
175122,11/29/2017 10:38:25,0,734,6598,68098,ERROR: Det ID does not exist along current dir.,0,2,60654,0
175123,11/29/2017 10:38:25,0,734,6598,67097,CHANGED: Run List.,0,2,60654,0
175124,11/29/2017 10:38:25,0,734,6598,65794,RECEIVED: Resubmitted Tag ID.,0,2,60654,0
175125,11/29/2017 10:38:25,0,734,6598,68106,"SUCCESS: Dir. ""E"" determined from uni-dir DET#.",0,2,60654,0
175126,11/29/2017 10:38:25,314,734,6598,68111,ISSUED: Start prty(EV# 12).,0,2,60654,0
175152,11/29/2017 10:38:58,0,737,6598,65792,RECEIVED: Tag ID.,0,2,60654,0
175153,11/29/2017 10:38:58,0,737,6598,68098,ERROR: Det ID does not exist along current dir.,0,2,60654,0
175154,11/29/2017 10:38:58,0,737,6598,67097,CHANGED: Run List.,0,2,60654,0
175155,11/29/2017 10:38:58,0,737,6598,65794,RECEIVED: Resubmitted Tag ID.,0,2,60654,0
175156,11/29/2017 10:38:58,0,737,6598,68107,"SUCCESS: Dir. ""W"" determined at end point.",0,2,60654,0
175157,11/29/2017 10:38:58,313,737,6598,68111,ISSUED: Start prty(EV# 6).,0,2,60654,0
175172,11/29/2017 10:39:20,0,738,6598,65792,RECEIVED: Tag ID.,0,2,60654,0
175173,11/29/2017 10:39:20,0,738,6598,68098,ERROR: Det ID does not exist along current dir.,0,2,60654,0
175174,11/29/2017 10:39:20,0,738,6598,67085,NO MATCH: Route Table.,0,2,60654,0
175175,11/29/2017 10:39:20,0,738,6598,67084,NO MATCH: Foreign Rte Table(Det:738;Sys:2).,0,2,60654,0
175200,11/29/2017 10:39:47,0,742,6598,65792,RECEIVED: Tag ID.,0,2,60654,0
175201,11/29/2017 10:39:47,0,742,6598,68098,ERROR: Det ID does not exist along current dir.,0,2,60654,0
175202,11/29/2017 10:39:48,0,742,6598,67085,NO MATCH: Route Table.,0,2,60654,0
175203,11/29/2017 10:39:48,0,742,6598,67084,NO MATCH: Foreign Rte Table(Det:742;Sys:2).,0,2,60654,0
175220,11/29/2017 10:39:56,0,744,6598,65792,RECEIVED: Tag ID.,0,2,60654,0
175221,11/29/2017 10:39:56,0,744,6598,68098,ERROR: Det ID does not exist along current dir.,0,2,60654,0
175222,11/29/2017 10:39:56,0,744,6598,67085,NO MATCH: Route Table.,0,2,60654,0
175223,11/29/2017 10:39:56,0,744,6598,67084,NO MATCH: Foreign Rte Table(Det:744;Sys:2).,0,2,60654,0
175236,11/29/2017 10:40:05,0,746,6598,65792,RECEIVED: Tag ID.,0,2,60654,0
175237,11/29/2017 10:40:05,0,746,6598,68098,ERROR: Det ID does not exist along current dir.,0,2,60654,0
175238,11/29/2017 10:40:05,0,746,6598,67085,NO MATCH: Route Table.,0,2,60654,0
175239,11/29/2017 10:40:05,0,746,6598,67084,NO MATCH: Foreign Rte Table(Det:746;Sys:2).,0,2,60654,0
175253,11/29/2017 10:40:19,0,748,6598,65792,RECEIVED: Tag ID.,0,2,60654,0
175254,11/29/2017 10:40:19,0,748,6598,68098,ERROR: Det ID does not exist along current dir.,0,2,60654,0
175255,11/29/2017 10:40:19,0,748,6598,67085,NO MATCH: Route Table.,0,2,60654,0
175256,11/29/2017 10:40:19,0,748,6598,67084,NO MATCH: Foreign Rte Table(Det:748;Sys:2).,0,2,60654,0
175487,11/29/2017 10:44:17,0,0,6598,67101,MARKED: Hot/Run List deleted by Timeout.,0,2,60654,0
175495,11/29/2017 10:44:22,0,0,6598,67103,DELETED: Hot/Run List deleted by System.,0,2,60654,0
178938,11/29/2017 11:49:12,0,733,6598,65792,RECEIVED: Tag ID.,0,2,60654,0
178939,11/29/2017 11:49:12,0,733,6598,67095,CREATED: Hot/Run List.,0,2,60654,0
178940,11/29/2017 11:49:12,0,733,6598,65794,RECEIVED: Resubmitted Tag ID.,0,2,60654,0
178941,11/29/2017 11:49:12,0,733,6598,68106,"SUCCESS: Dir. ""W"" determined from uni-dir DET#.",0,2,60654,0
178942,11/29/2017 11:49:12,312,733,6598,68111,ISSUED: Start prty(EV# 0).,0,2,60654,0
178986,11/29/2017 11:49:43,0,734,6598,65792,RECEIVED: Tag ID.,0,2,60654,0
178987,11/29/2017 11:49:43,0,734,6598,68098,ERROR: Det ID does not exist along current dir.,0,2,60654,0
178988,11/29/2017 11:49:43,0,734,6598,67097,CHANGED: Run List.,0,2,60654,0
178989,11/29/2017 11:49:43,0,734,6598,65794,RECEIVED: Resubmitted Tag ID.,0,2,60654,0
178990,11/29/2017 11:49:43,0,734,6598,68106,"SUCCESS: Dir. ""E"" determined from uni-dir DET#.",0,2,60654,0
178991,11/29/2017 11:49:43,314,734,6598,68111,ISSUED: Start prty(EV# 13).,0,2,60654,0
179028,11/29/2017 11:50:11,0,737,6598,65792,RECEIVED: Tag ID.,0,2,60654,0
179029,11/29/2017 11:50:11,0,737,6598,68098,ERROR: Det ID does not exist along current dir.,0,2,60654,0
179030,11/29/2017 11:50:11,0,737,6598,67097,CHANGED: Run List.,0,2,60654,0
179031,11/29/2017 11:50:11,0,737,6598,65794,RECEIVED: Resubmitted Tag ID.,0,2,60654,0
179032,11/29/2017 11:50:11,0,737,6598,68107,"SUCCESS: Dir. ""W"" determined at end point.",0,2,60654,0
179033,11/29/2017 11:50:11,313,737,6598,68111,ISSUED: Start prty(EV# 7).,0,2,60654,0
179053,11/29/2017 11:50:36,0,740,6598,65792,RECEIVED: Tag ID.,0,2,60654,0
179054,11/29/2017 11:50:36,0,740,6598,68098,ERROR: Det ID does not exist along current dir.,0,2,60654,0
179057,11/29/2017 11:50:36,0,740,6598,67085,NO MATCH: Route Table.,0,2,60654,0
179058,11/29/2017 11:50:36,0,740,6598,67084,NO MATCH: Foreign Rte Table(Det:740;Sys:2).,0,2,60654,0
179251,11/29/2017 11:54:32,0,0,6598,67101,MARKED: Hot/Run List deleted by Timeout.,0,2,60654,0
179252,11/29/2017 11:54:36,0,0,6598,67103,DELETED: Hot/Run List deleted by System.,0,2,60654,0
210379,11/29/2017 18:40:01,0,730,6598,65792,RECEIVED: Tag ID.,0,2,60654,0
210382,11/29/2017 18:40:01,0,730,6598,67095,CREATED: Hot/Run List.,0,2,60654,0
210383,11/29/2017 18:40:01,0,730,6598,65794,RECEIVED: Resubmitted Tag ID.,0,2,60654,0
210384,11/29/2017 18:40:01,0,730,6598,68106,"SUCCESS: Dir. ""E"" determined from uni-dir DET#.",0,2,60654,0
210385,11/29/2017 18:40:01,312,730,6598,68111,ISSUED: Start prty(EV# 1).,0,2,60654,0
210399,11/29/2017 18:40:11,0,830,6598,65792,RECEIVED: Tag ID.,0,2,60654,0
210400,11/29/2017 18:40:11,0,830,6598,68098,ERROR: Det ID does not exist along current dir.,0,2,60654,0
210401,11/29/2017 18:40:12,0,830,6598,67097,CHANGED: Run List.,0,2,60654,0
210402,11/29/2017 18:40:12,0,830,6598,65794,RECEIVED: Resubmitted Tag ID.,0,2,60654,0
210403,11/29/2017 18:40:12,0,830,6598,68106,"SUCCESS: Dir. ""W"" determined from uni-dir DET#.",0,2,60654,0
210404,11/29/2017 18:40:12,311,830,6598,68111,ISSUED: Start prty(EV# 12).,0,2,60654,0
210433,11/29/2017 18:40:26,0,828,6598,65792,RECEIVED: Tag ID.,0,2,60654,0
210434,11/29/2017 18:40:26,310,828,6598,68111,ISSUED: Start prty(EV# 9).,0,2,60654,0
210444,11/29/2017 18:40:33,0,726,6598,65792,RECEIVED: Tag ID.,0,2,60654,0
210445,11/29/2017 18:40:33,310,726,6598,68112,ISSUED: Cancel prty(EV# 9).,0,2,60654,0
210446,11/29/2017 18:40:35,0,724,6598,65792,RECEIVED: Tag ID.,0,2,60654,0
210447,11/29/2017 18:40:35,358,724,6598,68111,ISSUED: Start prty(EV# 12).,0,2,60654,0
210484,11/29/2017 18:41:02,0,722,6598,65792,RECEIVED: Tag ID.,0,2,60654,0
210485,11/29/2017 18:41:02,357,722,6598,68111,ISSUED: Start prty(EV# 6).,0,2,60654,0
210505,11/29/2017 18:41:19,0,720,6598,65792,RECEIVED: Tag ID.,0,2,60654,0
210506,11/29/2017 18:41:19,308,720,6598,68111,ISSUED: Start prty(EV# 6).,0,2,60654,0
210513,11/29/2017 18:41:22,0,718,6598,65792,RECEIVED: Tag ID.,0,2,60654,0
210514,11/29/2017 18:41:22,307,718,6598,68111,ISSUED: Start prty(EV# 9).,0,2,60654,0
210517,11/29/2017 18:41:24,0,718,6598,65792,RECEIVED: Tag ID.,0,2,60654,0
210518,11/29/2017 18:41:24,0,718,6598,68110,IGNORED: Det ID. repeated.,0,2,60654,0
210529,11/29/2017 18:41:33,0,717,6598,65792,RECEIVED: Tag ID.,0,2,60654,0
210530,11/29/2017 18:41:33,307,717,6598,68112,ISSUED: Cancel prty(EV# 9).,0,2,60654,0
210539,11/29/2017 18:41:45,0,716,6598,65792,RECEIVED: Tag ID.,0,2,60654,0
210540,11/29/2017 18:41:45,306,716,6598,68111,ISSUED: Start prty(EV# 8).,0,2,60654,0
210552,11/29/2017 18:41:51,0,714,6598,65792,RECEIVED: Tag ID.,0,2,60654,0
210553,11/29/2017 18:41:51,0,714,6598,67102,MARKED: Hot/Run List deleted at EOR.,0,2,60654,0
210556,11/29/2017 18:41:54,0,0,6598,67103,DELETED: Hot/Run List deleted by System.,0,2,60654,0
210586,11/29/2017 18:42:21,0,712,6598,65792,RECEIVED: Tag ID.,0,2,60654,0
210587,11/29/2017 18:42:22,0,712,6598,67085,NO MATCH: Route Table.,0,2,60654,0
210588,11/29/2017 18:42:22,0,712,6598,67084,NO MATCH: Foreign Rte Table(Det:712;Sys:2).,0,2,60654,0
210620,11/29/2017 18:42:29,0,711,6598,65792,RECEIVED: Tag ID.,0,2,60654,0
210621,11/29/2017 18:42:30,0,711,6598,67085,NO MATCH: Route Table.,0,2,60654,0
210622,11/29/2017 18:42:30,0,711,6598,67084,NO MATCH: Foreign Rte Table(Det:711;Sys:2).,0,2,60654,0
218594,11/29/2017 21:00:42,0,730,6598,65792,RECEIVED: Tag ID.,0,2,60654,0
218595,11/29/2017 21:00:42,0,730,6598,67095,CREATED: Hot/Run List.,0,2,60654,0
218596,11/29/2017 21:00:42,0,730,6598,65794,RECEIVED: Resubmitted Tag ID.,0,2,60654,0
218597,11/29/2017 21:00:42,0,730,6598,68106,"SUCCESS: Dir. ""E"" determined from uni-dir DET#.",0,2,60654,0
218598,11/29/2017 21:00:42,312,730,6598,68111,ISSUED: Start prty(EV# 2).,0,2,60654,0
218611,11/29/2017 21:00:52,0,830,6598,65792,RECEIVED: Tag ID.,0,2,60654,0
218612,11/29/2017 21:00:52,0,830,6598,68098,ERROR: Det ID does not exist along current dir.,0,2,60654,0
218613,11/29/2017 21:00:52,0,830,6598,67097,CHANGED: Run List.,0,2,60654,0
218614,11/29/2017 21:00:52,0,830,6598,65794,RECEIVED: Resubmitted Tag ID.,0,2,60654,0
218615,11/29/2017 21:00:52,0,830,6598,68106,"SUCCESS: Dir. ""W"" determined from uni-dir DET#.",0,2,60654,0
218616,11/29/2017 21:00:52,311,830,6598,68111,ISSUED: Start prty(EV# 13).,0,2,60654,0
218638,11/29/2017 21:01:11,0,828,6598,65792,RECEIVED: Tag ID.,0,2,60654,0
218639,11/29/2017 21:01:11,310,828,6598,68111,ISSUED: Start prty(EV# 10).,0,2,60654,0
218788,11/29/2017 21:05:07,0,0,6598,67101,MARKED: Hot/Run List deleted by Timeout.,0,2,60654,0
218789,11/29/2017 21:05:11,0,0,6598,67103,DELETED: Hot/Run List deleted by System.,0,2,60654,0
221527,11/29/2017 23:34:59,0,730,6598,65792,RECEIVED: Tag ID.,0,2,60654,0
221528,11/29/2017 23:34:59,0,730,6598,67095,CREATED: Hot/Run List.,0,2,60654,0
221529,11/29/2017 23:34:59,0,730,6598,65794,RECEIVED: Resubmitted Tag ID.,0,2,60654,0
221530,11/29/2017 23:34:59,0,730,6598,68106,"SUCCESS: Dir. ""E"" determined from uni-dir DET#.",0,2,60654,0
221531,11/29/2017 23:34:59,312,730,6598,68111,ISSUED: Start prty(EV# 4).,0,2,60654,0
221542,11/29/2017 23:35:27,0,830,6598,65792,RECEIVED: Tag ID.,0,2,60654,0
221543,11/29/2017 23:35:27,0,830,6598,68098,ERROR: Det ID does not exist along current dir.,0,2,60654,0
221544,11/29/2017 23:35:27,0,830,6598,67097,CHANGED: Run List.,0,2,60654,0
221545,11/29/2017 23:35:27,0,830,6598,65794,RECEIVED: Resubmitted Tag ID.,0,2,60654,0
221546,11/29/2017 23:35:27,0,830,6598,68106,"SUCCESS: Dir. ""W"" determined from uni-dir DET#.",0,2,60654,0
221547,11/29/2017 23:35:27,311,830,6598,68111,ISSUED: Start prty(EV# 15).,0,2,60654,0
221562,11/29/2017 23:37:06,0,831,6598,65792,RECEIVED: Tag ID.,0,2,60654,0
221563,11/29/2017 23:37:06,0,831,6598,68098,ERROR: Det ID does not exist along current dir.,0,2,60654,0
221564,11/29/2017 23:37:06,0,831,6598,67097,CHANGED: Run List.,0,2,60654,0
221565,11/29/2017 23:37:06,0,831,6598,65794,RECEIVED: Resubmitted Tag ID.,0,2,60654,0
221566,11/29/2017 23:37:06,0,831,6598,68106,"SUCCESS: Dir. ""E"" determined from uni-dir DET#.",0,2,60654,0
221567,11/29/2017 23:37:06,360,831,6598,68114,IGNORED: No start prty found.,0,2,60654,0
221596,11/29/2017 23:41:02,0,0,6598,67101,MARKED: Hot/Run List deleted by Timeout.,0,2,60654,0
221597,11/29/2017 23:41:07,0,0,6598,67103,DELETED: Hot/Run List deleted by System.,0,2,60654,0
222260,11/30/2017 01:05:52,0,730,6598,65792,RECEIVED: Tag ID.,0,2,60654,0
222261,11/30/2017 01:05:52,0,730,6598,67095,CREATED: Hot/Run List.,0,2,60654,0
222262,11/30/2017 01:05:52,0,730,6598,65794,RECEIVED: Resubmitted Tag ID.,0,2,60654,0
222263,11/30/2017 01:05:52,0,730,6598,68106,"SUCCESS: Dir. ""E"" determined from uni-dir DET#.",0,2,60654,0
222264,11/30/2017 01:05:52,312,730,6598,68111,ISSUED: Start prty(EV# 5).,0,2,60654,0
222265,11/30/2017 01:06:02,0,830,6598,65792,RECEIVED: Tag ID.,0,2,60654,0
222266,11/30/2017 01:06:02,0,830,6598,68098,ERROR: Det ID does not exist along current dir.,0,2,60654,0
222267,11/30/2017 01:06:03,0,830,6598,67097,CHANGED: Run List.,0,2,60654,0
222268,11/30/2017 01:06:03,0,830,6598,65794,RECEIVED: Resubmitted Tag ID.,0,2,60654,0
222269,11/30/2017 01:06:03,0,830,6598,68106,"SUCCESS: Dir. ""W"" determined from uni-dir DET#.",0,2,60654,0
222270,11/30/2017 01:06:03,311,830,6598,68111,ISSUED: Start prty(EV# 0).,0,2,60654,0
222271,11/30/2017 01:06:17,0,828,6598,65792,RECEIVED: Tag ID.,0,2,60654,0
222272,11/30/2017 01:06:17,310,828,6598,68111,ISSUED: Start prty(EV# 12).,0,2,60654,0
222273,11/30/2017 01:06:27,0,726,6598,65792,RECEIVED: Tag ID.,0,2,60654,0
222274,11/30/2017 01:06:27,310,726,6598,68112,ISSUED: Cancel prty(EV# 12).,0,2,60654,0
222275,11/30/2017 01:06:27,0,724,6598,65792,RECEIVED: Tag ID.,0,2,60654,0
222276,11/30/2017 01:06:27,358,724,6598,68111,ISSUED: Start prty(EV# 13).,0,2,60654,0
222277,11/30/2017 01:06:50,0,722,6598,65792,RECEIVED: Tag ID.,0,2,60654,0
222278,11/30/2017 01:06:50,357,722,6598,68111,ISSUED: Start prty(EV# 7).,0,2,60654,0
222279,11/30/2017 01:07:12,0,720,6598,65792,RECEIVED: Tag ID.,0,2,60654,0
222280,11/30/2017 01:07:12,308,720,6598,68111,ISSUED: Start prty(EV# 7).,0,2,60654,0
222289,11/30/2017 01:11:07,0,0,6598,67101,MARKED: Hot/Run List deleted by Timeout.,0,2,60654,0
222290,11/30/2017 01:11:12,0,0,6598,67103,DELETED: Hot/Run List deleted by System.,0,2,60654,0
248489,11/30/2017 10:54:18,0,730,6598,65792,RECEIVED: Tag ID.,0,2,60654,0
248492,11/30/2017 10:54:18,0,730,6598,67095,CREATED: Hot/Run List.,0,2,60654,0
248493,11/30/2017 10:54:18,0,730,6598,65794,RECEIVED: Resubmitted Tag ID.,0,2,60654,0
248494,11/30/2017 10:54:18,0,730,6598,68106,"SUCCESS: Dir. ""E"" determined from uni-dir DET#.",0,2,60654,0
248495,11/30/2017 10:54:18,312,730,6598,68111,ISSUED: Start prty(EV# 6).,0,2,60654,0
248508,11/30/2017 10:54:28,0,830,6598,65792,RECEIVED: Tag ID.,0,2,60654,0
248509,11/30/2017 10:54:28,0,830,6598,68098,ERROR: Det ID does not exist along current dir.,0,2,60654,0
248510,11/30/2017 10:54:28,0,830,6598,67097,CHANGED: Run List.,0,2,60654,0
248511,11/30/2017 10:54:28,0,830,6598,65794,RECEIVED: Resubmitted Tag ID.,0,2,60654,0
248512,11/30/2017 10:54:28,0,830,6598,68106,"SUCCESS: Dir. ""W"" determined from uni-dir DET#.",0,2,60654,0
248513,11/30/2017 10:54:28,311,830,6598,68111,ISSUED: Start prty(EV# 1).,0,2,60654,0
248527,11/30/2017 10:54:52,0,828,6598,65792,RECEIVED: Tag ID.,0,2,60654,0
248528,11/30/2017 10:54:52,310,828,6598,68111,ISSUED: Start prty(EV# 13).,0,2,60654,0
248542,11/30/2017 10:55:12,0,726,6598,65792,RECEIVED: Tag ID.,0,2,60654,0
248543,11/30/2017 10:55:12,310,726,6598,68112,ISSUED: Cancel prty(EV# 13).,0,2,60654,0
248544,11/30/2017 10:55:16,0,724,6598,65792,RECEIVED: Tag ID.,0,2,60654,0
248545,11/30/2017 10:55:16,358,724,6598,68111,ISSUED: Start prty(EV# 14).,0,2,60654,0
248566,11/30/2017 10:55:41,0,722,6598,65792,RECEIVED: Tag ID.,0,2,60654,0
248567,11/30/2017 10:55:41,357,722,6598,68111,ISSUED: Start prty(EV# 8).,0,2,60654,0
248585,11/30/2017 10:56:05,0,720,6598,65792,RECEIVED: Tag ID.,0,2,60654,0
248586,11/30/2017 10:56:05,308,720,6598,68111,ISSUED: Start prty(EV# 8).,0,2,60654,0
248590,11/30/2017 10:56:12,0,718,6598,65792,RECEIVED: Tag ID.,0,2,60654,0
248591,11/30/2017 10:56:12,307,718,6598,68111,ISSUED: Start prty(EV# 10).,0,2,60654,0
248610,11/30/2017 10:56:25,0,717,6598,65792,RECEIVED: Tag ID.,0,2,60654,0
248611,11/30/2017 10:56:25,307,717,6598,68112,ISSUED: Cancel prty(EV# 10).,0,2,60654,0
248622,11/30/2017 10:56:34,0,716,6598,65792,RECEIVED: Tag ID.,0,2,60654,0
248623,11/30/2017 10:56:34,306,716,6598,68111,ISSUED: Start prty(EV# 9).,0,2,60654,0
248632,11/30/2017 10:56:42,0,714,6598,65792,RECEIVED: Tag ID.,0,2,60654,0
248633,11/30/2017 10:56:42,0,714,6598,67102,MARKED: Hot/Run List deleted at EOR.,0,2,60654,0
248640,11/30/2017 10:56:45,0,0,6598,67103,DELETED: Hot/Run List deleted by System.,0,2,60654,0
248671,11/30/2017 10:57:16,0,712,6598,65792,RECEIVED: Tag ID.,0,2,60654,0
248672,11/30/2017 10:57:16,0,712,6598,67085,NO MATCH: Route Table.,0,2,60654,0
248673,11/30/2017 10:57:16,0,712,6598,67084,NO MATCH: Foreign Rte Table(Det:712;Sys:2).,0,2,60654,0
248674,11/30/2017 10:57:24,0,711,6598,65792,RECEIVED: Tag ID.,0,2,60654,0
248675,11/30/2017 10:57:24,0,711,6598,67085,NO MATCH: Route Table.,0,2,60654,0
248676,11/30/2017 10:57:24,0,711,6598,67084,NO MATCH: Foreign Rte Table(Det:711;Sys:2).,0,2,60654,0
248696,11/30/2017 10:57:49,0,707,6598,65792,RECEIVED: Tag ID.,0,2,60654,0
248697,11/30/2017 10:57:49,0,707,6598,67085,NO MATCH: Route Table.,0,2,60654,0
248698,11/30/2017 10:57:49,0,707,6598,67084,NO MATCH: Foreign Rte Table(Det:707;Sys:2).,0,2,60654,0
248724,11/30/2017 10:58:21,0,705,6598,65792,RECEIVED: Tag ID.,0,2,60654,0
248725,11/30/2017 10:58:21,0,705,6598,67085,NO MATCH: Route Table.,0,2,60654,0
248726,11/30/2017 10:58:21,0,705,6598,67084,NO MATCH: Foreign Rte Table(Det:705;Sys:2).,0,2,60654,0
270066,11/30/2017 16:41:16,0,730,6598,65792,RECEIVED: Tag ID.,0,2,60654,0
270067,11/30/2017 16:41:16,0,730,6598,67095,CREATED: Hot/Run List.,0,2,60654,0
270068,11/30/2017 16:41:16,0,730,6598,65794,RECEIVED: Resubmitted Tag ID.,0,2,60654,0
270069,11/30/2017 16:41:16,0,730,6598,68106,"SUCCESS: Dir. ""E"" determined from uni-dir DET#.",0,2,60654,0
270070,11/30/2017 16:41:16,312,730,6598,68111,ISSUED: Start prty(EV# 8).,0,2,60654,0
270081,11/30/2017 16:41:26,0,830,6598,65792,RECEIVED: Tag ID.,0,2,60654,0
270082,11/30/2017 16:41:26,0,830,6598,68098,ERROR: Det ID does not exist along current dir.,0,2,60654,0
270083,11/30/2017 16:41:26,0,830,6598,67097,CHANGED: Run List.,0,2,60654,0
270084,11/30/2017 16:41:26,0,830,6598,65794,RECEIVED: Resubmitted Tag ID.,0,2,60654,0
270085,11/30/2017 16:41:26,0,830,6598,68106,"SUCCESS: Dir. ""W"" determined from uni-dir DET#.",0,2,60654,0
270086,11/30/2017 16:41:26,311,830,6598,68111,ISSUED: Start prty(EV# 3).,0,2,60654,0
270123,11/30/2017 16:41:48,0,828,6598,65792,RECEIVED: Tag ID.,0,2,60654,0
270124,11/30/2017 16:41:48,310,828,6598,68111,ISSUED: Start prty(EV# 15).,0,2,60654,0
270522,11/30/2017 16:45:43,0,0,6598,67101,MARKED: Hot/Run List deleted by Timeout.,0,2,60654,0
270535,11/30/2017 16:45:48,0,0,6598,67103,DELETED: Hot/Run List deleted by System.,0,2,60654,0
281336,11/30/2017 19:05:36,0,707,6598,65792,RECEIVED: Tag ID.,0,2,60654,0
281337,11/30/2017 19:05:36,0,707,6598,67085,NO MATCH: Route Table.,0,2,60654,0
281338,11/30/2017 19:05:36,0,707,6598,67084,NO MATCH: Foreign Rte Table(Det:707;Sys:2).,0,2,60654,0
281368,11/30/2017 19:06:13,0,708,6598,65792,RECEIVED: Tag ID.,0,2,60654,0
281369,11/30/2017 19:06:13,0,708,6598,67085,NO MATCH: Route Table.,0,2,60654,0
281370,11/30/2017 19:06:13,0,708,6598,67084,NO MATCH: Foreign Rte Table(Det:708;Sys:2).,0,2,60654,0
281409,11/30/2017 19:06:49,0,711,6598,65792,RECEIVED: Tag ID.,0,2,60654,0
281410,11/30/2017 19:06:49,0,711,6598,67085,NO MATCH: Route Table.,0,2,60654,0
281411,11/30/2017 19:06:49,0,711,6598,67084,NO MATCH: Foreign Rte Table(Det:711;Sys:2).,0,2,60654,0
281421,11/30/2017 19:06:59,0,712,6598,65792,RECEIVED: Tag ID.,0,2,60654,0
281422,11/30/2017 19:06:59,0,712,6598,67085,NO MATCH: Route Table.,0,2,60654,0
281423,11/30/2017 19:06:59,0,712,6598,67084,NO MATCH: Foreign Rte Table(Det:712;Sys:2).,0,2,60654,0
281436,11/30/2017 19:07:20,0,713,6598,65792,RECEIVED: Tag ID.,0,2,60654,0
281437,11/30/2017 19:07:20,0,713,6598,67095,CREATED: Hot/Run List.,0,2,60654,0
281438,11/30/2017 19:07:20,0,713,6598,65794,RECEIVED: Resubmitted Tag ID.,0,2,60654,0
281439,11/30/2017 19:07:20,0,713,6598,68107,"SUCCESS: Dir. ""E"" determined at end point.",0,2,60654,0
281440,11/30/2017 19:07:20,306,713,6598,68111,ISSUED: Start prty(EV# 11).,0,2,60654,0
281451,11/30/2017 19:07:34,0,714,6598,65792,RECEIVED: Tag ID.,0,2,60654,0
281452,11/30/2017 19:07:34,306,714,6598,68112,ISSUED: Cancel prty(EV# 11).,0,2,60654,0
281455,11/30/2017 19:07:36,0,714,6598,65792,RECEIVED: Tag ID.,0,2,60654,0
281456,11/30/2017 19:07:36,0,714,6598,68110,IGNORED: Det ID. repeated.,0,2,60654,0
281659,11/30/2017 19:11:34,0,0,6598,67101,MARKED: Hot/Run List deleted by Timeout.,0,2,60654,0
281671,11/30/2017 19:11:39,0,0,6598,67103,DELETED: Hot/Run List deleted by System.,0,2,60654,0
310739,12/01/2017 08:36:14,0,730,6598,65792,RECEIVED: Tag ID.,0,2,60654,0
310740,12/01/2017 08:36:14,0,730,6598,67095,CREATED: Hot/Run List.,0,2,60654,0
310741,12/01/2017 08:36:14,0,730,6598,65794,RECEIVED: Resubmitted Tag ID.,0,2,60654,0
310742,12/01/2017 08:36:14,0,730,6598,68106,"SUCCESS: Dir. ""E"" determined from uni-dir DET#.",0,2,60654,0
310743,12/01/2017 08:36:14,312,730,6598,68111,ISSUED: Start prty(EV# 10).,0,2,60654,0
310758,12/01/2017 08:36:24,0,830,6598,65792,RECEIVED: Tag ID.,0,2,60654,0
310759,12/01/2017 08:36:24,0,830,6598,68098,ERROR: Det ID does not exist along current dir.,0,2,60654,0
310760,12/01/2017 08:36:24,0,830,6598,67097,CHANGED: Run List.,0,2,60654,0
310761,12/01/2017 08:36:24,0,830,6598,65794,RECEIVED: Resubmitted Tag ID.,0,2,60654,0
310762,12/01/2017 08:36:24,0,830,6598,68106,"SUCCESS: Dir. ""W"" determined from uni-dir DET#.",0,2,60654,0
310763,12/01/2017 08:36:24,311,830,6598,68111,ISSUED: Start prty(EV# 5).,0,2,60654,0
310795,12/01/2017 08:36:41,0,828,6598,65792,RECEIVED: Tag ID.,0,2,60654,0
310796,12/01/2017 08:36:41,310,828,6598,68111,ISSUED: Start prty(EV# 1).,0,2,60654,0
310821,12/01/2017 08:36:56,0,726,6598,65792,RECEIVED: Tag ID.,0,2,60654,0
310822,12/01/2017 08:36:56,310,726,6598,68112,ISSUED: Cancel prty(EV# 1).,0,2,60654,0
310839,12/01/2017 08:37:02,0,724,6598,65792,RECEIVED: Tag ID.,0,2,60654,0
310840,12/01/2017 08:37:02,358,724,6598,68111,ISSUED: Start prty(EV# 1).,0,2,60654,0
310885,12/01/2017 08:37:22,0,722,6598,65792,RECEIVED: Tag ID.,0,2,60654,0
310886,12/01/2017 08:37:22,357,722,6598,68111,ISSUED: Start prty(EV# 11).,0,2,60654,0
311217,12/01/2017 08:41:20,0,0,6598,67101,MARKED: Hot/Run List deleted by Timeout.,0,2,60654,0
311223,12/01/2017 08:41:25,0,0,6598,67103,DELETED: Hot/Run List deleted by System.,0,2,60654,0
352167,12/01/2017 18:03:31,0,730,6598,65792,RECEIVED: Tag ID.,0,2,60654,0
352168,12/01/2017 18:03:31,0,730,6598,67095,CREATED: Hot/Run List.,0,2,60654,0
352169,12/01/2017 18:03:31,0,730,6598,65794,RECEIVED: Resubmitted Tag ID.,0,2,60654,0
352170,12/01/2017 18:03:31,0,730,6598,68106,"SUCCESS: Dir. ""E"" determined from uni-dir DET#.",0,2,60654,0
352171,12/01/2017 18:03:31,312,730,6598,68111,ISSUED: Start prty(EV# 11).,0,2,60654,0
352183,12/01/2017 18:03:44,0,830,6598,65792,RECEIVED: Tag ID.,0,2,60654,0
352184,12/01/2017 18:03:44,0,830,6598,68098,ERROR: Det ID does not exist along current dir.,0,2,60654,0
352185,12/01/2017 18:03:44,0,830,6598,67097,CHANGED: Run List.,0,2,60654,0
352186,12/01/2017 18:03:44,0,830,6598,65794,RECEIVED: Resubmitted Tag ID.,0,2,60654,0
352187,12/01/2017 18:03:44,0,830,6598,68106,"SUCCESS: Dir. ""W"" determined from uni-dir DET#.",0,2,60654,0
352188,12/01/2017 18:03:44,311,830,6598,68111,ISSUED: Start prty(EV# 6).,0,2,60654,0
352237,12/01/2017 18:04:22,0,828,6598,65792,RECEIVED: Tag ID.,0,2,60654,0
352238,12/01/2017 18:04:22,310,828,6598,68111,ISSUED: Start prty(EV# 2).,0,2,60654,0
352513,12/01/2017 18:08:18,0,0,6598,67101,MARKED: Hot/Run List deleted by Timeout.,0,2,60654,0
352518,12/01/2017 18:08:23,0,0,6598,67103,DELETED: Hot/Run List deleted by System.,0,2,60654,0
405499,12/02/2017 18:26:19,0,730,6598,65792,RECEIVED: Tag ID.,0,2,60654,0
405500,12/02/2017 18:26:19,0,730,6598,67095,CREATED: Hot/Run List.,0,2,60654,0
405501,12/02/2017 18:26:19,0,730,6598,65794,RECEIVED: Resubmitted Tag ID.,0,2,60654,0
405502,12/02/2017 18:26:19,0,730,6598,68106,"SUCCESS: Dir. ""E"" determined from uni-dir DET#.",0,2,60654,0
405503,12/02/2017 18:26:19,312,730,6598,68111,ISSUED: Start prty(EV# 13).,0,2,60654,0
405511,12/02/2017 18:26:30,0,830,6598,65792,RECEIVED: Tag ID.,0,2,60654,0
405512,12/02/2017 18:26:30,0,830,6598,68098,ERROR: Det ID does not exist along current dir.,0,2,60654,0
405513,12/02/2017 18:26:30,0,830,6598,67097,CHANGED: Run List.,0,2,60654,0
405514,12/02/2017 18:26:30,0,830,6598,65794,RECEIVED: Resubmitted Tag ID.,0,2,60654,0
405515,12/02/2017 18:26:30,0,830,6598,68106,"SUCCESS: Dir. ""W"" determined from uni-dir DET#.",0,2,60654,0
405516,12/02/2017 18:26:30,311,830,6598,68111,ISSUED: Start prty(EV# 8).,0,2,60654,0
405532,12/02/2017 18:26:43,0,828,6598,65792,RECEIVED: Tag ID.,0,2,60654,0
405533,12/02/2017 18:26:43,310,828,6598,68111,ISSUED: Start prty(EV# 4).,0,2,60654,0
405543,12/02/2017 18:26:50,0,726,6598,65792,RECEIVED: Tag ID.,0,2,60654,0
405544,12/02/2017 18:26:50,310,726,6598,68112,ISSUED: Cancel prty(EV# 4).,0,2,60654,0
405545,12/02/2017 18:26:52,0,724,6598,65792,RECEIVED: Tag ID.,0,2,60654,0
405546,12/02/2017 18:26:52,358,724,6598,68111,ISSUED: Start prty(EV# 3).,0,2,60654,0
405556,12/02/2017 18:27:08,0,722,6598,65792,RECEIVED: Tag ID.,0,2,60654,0
405557,12/02/2017 18:27:08,357,722,6598,68111,ISSUED: Start prty(EV# 13).,0,2,60654,0
405570,12/02/2017 18:27:23,0,720,6598,65792,RECEIVED: Tag ID.,0,2,60654,0
405571,12/02/2017 18:27:23,308,720,6598,68111,ISSUED: Start prty(EV# 12).,0,2,60654,0
405572,12/02/2017 18:27:26,0,718,6598,65792,RECEIVED: Tag ID.,0,2,60654,0
405573,12/02/2017 18:27:26,307,718,6598,68111,ISSUED: Start prty(EV# 14).,0,2,60654,0
405584,12/02/2017 18:27:36,0,717,6598,65792,RECEIVED: Tag ID.,0,2,60654,0
405585,12/02/2017 18:27:36,307,717,6598,68112,ISSUED: Cancel prty(EV# 14).,0,2,60654,0
405592,12/02/2017 18:27:45,0,716,6598,65792,RECEIVED: Tag ID.,0,2,60654,0
405593,12/02/2017 18:27:45,306,716,6598,68111,ISSUED: Start prty(EV# 14).,0,2,60654,0
405743,12/02/2017 18:31:44,0,0,6598,67101,MARKED: Hot/Run List deleted by Timeout.,0,2,60654,0
405748,12/02/2017 18:31:49,0,0,6598,67103,DELETED: Hot/Run List deleted by System.,0,2,60654,0
412008,12/02/2017 22:50:46,0,730,6598,65792,RECEIVED: Tag ID.,0,2,60654,0
412009,12/02/2017 22:50:46,0,730,6598,67095,CREATED: Hot/Run List.,0,2,60654,0
412010,12/02/2017 22:50:46,0,730,6598,65794,RECEIVED: Resubmitted Tag ID.,0,2,60654,0
412011,12/02/2017 22:50:46,0,730,6598,68106,"SUCCESS: Dir. ""E"" determined from uni-dir DET#.",0,2,60654,0
412012,12/02/2017 22:50:46,312,730,6598,68111,ISSUED: Start prty(EV# 14).,0,2,60654,0
412038,12/02/2017 22:54:42,0,0,6598,67101,MARKED: Hot/Run List deleted by Timeout.,0,2,60654,0
412041,12/02/2017 22:54:47,0,0,6598,67103,DELETED: Hot/Run List deleted by System.,0,2,60654,0
432223,12/03/2017 13:45:51,0,733,6598,65792,RECEIVED: Tag ID.,0,2,60654,0
432224,12/03/2017 13:45:51,0,733,6598,67095,CREATED: Hot/Run List.,0,2,60654,0
432225,12/03/2017 13:45:51,0,733,6598,65794,RECEIVED: Resubmitted Tag ID.,0,2,60654,0
432226,12/03/2017 13:45:51,0,733,6598,68106,"SUCCESS: Dir. ""W"" determined from uni-dir DET#.",0,2,60654,0
432227,12/03/2017 13:45:51,312,733,6598,68111,ISSUED: Start prty(EV# 0).,0,2,60654,0
432241,12/03/2017 13:46:20,0,734,6598,65792,RECEIVED: Tag ID.,0,2,60654,0
432242,12/03/2017 13:46:20,0,734,6598,68098,ERROR: Det ID does not exist along current dir.,0,2,60654,0
432243,12/03/2017 13:46:20,0,734,6598,67097,CHANGED: Run List.,0,2,60654,0
432244,12/03/2017 13:46:20,0,734,6598,65794,RECEIVED: Resubmitted Tag ID.,0,2,60654,0
432245,12/03/2017 13:46:20,0,734,6598,68106,"SUCCESS: Dir. ""E"" determined from uni-dir DET#.",0,2,60654,0
432246,12/03/2017 13:46:20,314,734,6598,68111,ISSUED: Start prty(EV# 11).,0,2,60654,0
432262,12/03/2017 13:46:42,0,737,6598,65792,RECEIVED: Tag ID.,0,2,60654,0
432263,12/03/2017 13:46:42,0,737,6598,68098,ERROR: Det ID does not exist along current dir.,0,2,60654,0
432264,12/03/2017 13:46:42,0,737,6598,67097,CHANGED: Run List.,0,2,60654,0
432265,12/03/2017 13:46:42,0,737,6598,65794,RECEIVED: Resubmitted Tag ID.,0,2,60654,0
432266,12/03/2017 13:46:42,0,737,6598,68107,"SUCCESS: Dir. ""W"" determined at end point.",0,2,60654,0
432267,12/03/2017 13:46:42,313,737,6598,68111,ISSUED: Start prty(EV# 8).,0,2,60654,0
432285,12/03/2017 13:46:57,0,738,6598,65792,RECEIVED: Tag ID.,0,2,60654,0
432286,12/03/2017 13:46:57,0,738,6598,68098,ERROR: Det ID does not exist along current dir.,0,2,60654,0
432287,12/03/2017 13:46:57,0,738,6598,67085,NO MATCH: Route Table.,0,2,60654,0
432288,12/03/2017 13:46:57,0,738,6598,67084,NO MATCH: Foreign Rte Table(Det:738;Sys:2).,0,2,60654,0
432292,12/03/2017 13:47:03,0,741,6598,65792,RECEIVED: Tag ID.,0,2,60654,0
432293,12/03/2017 13:47:03,0,741,6598,68098,ERROR: Det ID does not exist along current dir.,0,2,60654,0
432294,12/03/2017 13:47:03,0,741,6598,67085,NO MATCH: Route Table.,0,2,60654,0
432295,12/03/2017 13:47:03,0,741,6598,67084,NO MATCH: Foreign Rte Table(Det:741;Sys:2).,0,2,60654,0
432494,12/03/2017 13:51:01,0,0,6598,67101,MARKED: Hot/Run List deleted by Timeout.,0,2,60654,0
432499,12/03/2017 13:51:06,0,0,6598,67103,DELETED: Hot/Run List deleted by System.,0,2,60654,0
443672,12/03/2017 17:59:39,0,730,6598,65792,RECEIVED: Tag ID.,0,2,60654,0
443673,12/03/2017 17:59:39,0,730,6598,67095,CREATED: Hot/Run List.,0,2,60654,0
443674,12/03/2017 17:59:39,0,730,6598,65794,RECEIVED: Resubmitted Tag ID.,0,2,60654,0
443675,12/03/2017 17:59:39,0,730,6598,68106,"SUCCESS: Dir. ""E"" determined from uni-dir DET#.",0,2,60654,0
443676,12/03/2017 17:59:39,312,730,6598,68111,ISSUED: Start prty(EV# 1).,0,2,60654,0
443687,12/03/2017 17:59:49,0,830,6598,65792,RECEIVED: Tag ID.,0,2,60654,0
443688,12/03/2017 17:59:49,0,830,6598,68098,ERROR: Det ID does not exist along current dir.,0,2,60654,0
443689,12/03/2017 17:59:49,0,830,6598,67097,CHANGED: Run List.,0,2,60654,0
443690,12/03/2017 17:59:49,0,830,6598,65794,RECEIVED: Resubmitted Tag ID.,0,2,60654,0
443691,12/03/2017 17:59:49,0,830,6598,68106,"SUCCESS: Dir. ""W"" determined from uni-dir DET#.",0,2,60654,0
443692,12/03/2017 17:59:49,311,830,6598,68111,ISSUED: Start prty(EV# 10).,0,2,60654,0
443713,12/03/2017 18:00:01,0,828,6598,65792,RECEIVED: Tag ID.,0,2,60654,0
443714,12/03/2017 18:00:01,310,828,6598,68111,ISSUED: Start prty(EV# 6).,0,2,60654,0
443715,12/03/2017 18:00:07,0,726,6598,65792,RECEIVED: Tag ID.,0,2,60654,0
443716,12/03/2017 18:00:07,310,726,6598,68112,ISSUED: Cancel prty(EV# 6).,0,2,60654,0
443717,12/03/2017 18:00:10,0,724,6598,65792,RECEIVED: Tag ID.,0,2,60654,0
443718,12/03/2017 18:00:10,358,724,6598,68111,ISSUED: Start prty(EV# 5).,0,2,60654,0
443910,12/03/2017 18:04:08,0,0,6598,67101,MARKED: Hot/Run List deleted by Timeout.,0,2,60654,0
443914,12/03/2017 18:04:13,0,0,6598,67103,DELETED: Hot/Run List deleted by System.,0,2,60654,0
447517,12/03/2017 19:48:37,0,733,6598,65792,RECEIVED: Tag ID.,0,2,60654,0
447518,12/03/2017 19:48:37,0,733,6598,67095,CREATED: Hot/Run List.,0,2,60654,0
447519,12/03/2017 19:48:37,0,733,6598,65794,RECEIVED: Resubmitted Tag ID.,0,2,60654,0
447520,12/03/2017 19:48:37,0,733,6598,68106,"SUCCESS: Dir. ""W"" determined from uni-dir DET#.",0,2,60654,0
447521,12/03/2017 19:48:37,312,733,6598,68111,ISSUED: Start prty(EV# 2).,0,2,60654,0
447539,12/03/2017 19:49:05,0,734,6598,65792,RECEIVED: Tag ID.,0,2,60654,0
447540,12/03/2017 19:49:05,0,734,6598,68098,ERROR: Det ID does not exist along current dir.,0,2,60654,0
447541,12/03/2017 19:49:05,0,734,6598,67097,CHANGED: Run List.,0,2,60654,0
447542,12/03/2017 19:49:05,0,734,6598,65794,RECEIVED: Resubmitted Tag ID.,0,2,60654,0
447543,12/03/2017 19:49:05,0,734,6598,68106,"SUCCESS: Dir. ""E"" determined from uni-dir DET#.",0,2,60654,0
447544,12/03/2017 19:49:05,314,734,6598,68111,ISSUED: Start prty(EV# 12).,0,2,60654,0
447559,12/03/2017 19:49:26,0,737,6598,65792,RECEIVED: Tag ID.,0,2,60654,0
447560,12/03/2017 19:49:26,0,737,6598,68098,ERROR: Det ID does not exist along current dir.,0,2,60654,0
447561,12/03/2017 19:49:26,0,737,6598,67097,CHANGED: Run List.,0,2,60654,0
447562,12/03/2017 19:49:26,0,737,6598,65794,RECEIVED: Resubmitted Tag ID.,0,2,60654,0
447563,12/03/2017 19:49:26,0,737,6598,68107,"SUCCESS: Dir. ""W"" determined at end point.",0,2,60654,0
447564,12/03/2017 19:49:26,313,737,6598,68111,ISSUED: Start prty(EV# 9).,0,2,60654,0
447579,12/03/2017 19:49:41,0,738,6598,65792,RECEIVED: Tag ID.,0,2,60654,0
447580,12/03/2017 19:49:41,0,738,6598,68098,ERROR: Det ID does not exist along current dir.,0,2,60654,0
447581,12/03/2017 19:49:41,0,738,6598,67085,NO MATCH: Route Table.,0,2,60654,0
447582,12/03/2017 19:49:41,0,738,6598,67084,NO MATCH: Foreign Rte Table(Det:738;Sys:2).,0,2,60654,0
447616,12/03/2017 19:50:10,0,742,6598,65792,RECEIVED: Tag ID.,0,2,60654,0
447617,12/03/2017 19:50:10,0,742,6598,68098,ERROR: Det ID does not exist along current dir.,0,2,60654,0
447618,12/03/2017 19:50:10,0,742,6598,67085,NO MATCH: Route Table.,0,2,60654,0
447619,12/03/2017 19:50:10,0,742,6598,67084,NO MATCH: Foreign Rte Table(Det:742;Sys:2).,0,2,60654,0
447625,12/03/2017 19:50:18,0,744,6598,65792,RECEIVED: Tag ID.,0,2,60654,0
447626,12/03/2017 19:50:18,0,744,6598,68098,ERROR: Det ID does not exist along current dir.,0,2,60654,0
447627,12/03/2017 19:50:18,0,744,6598,67085,NO MATCH: Route Table.,0,2,60654,0
447628,12/03/2017 19:50:18,0,744,6598,67084,NO MATCH: Foreign Rte Table(Det:744;Sys:2).,0,2,60654,0
447651,12/03/2017 19:50:34,0,745,6598,65792,RECEIVED: Tag ID.,0,2,60654,0
447652,12/03/2017 19:50:34,0,745,6598,68098,ERROR: Det ID does not exist along current dir.,0,2,60654,0
447653,12/03/2017 19:50:34,0,745,6598,67085,NO MATCH: Route Table.,0,2,60654,0
447654,12/03/2017 19:50:34,0,745,6598,67084,NO MATCH: Foreign Rte Table(Det:745;Sys:2).,0,2,60654,0
447818,12/03/2017 19:54:32,0,0,6598,67101,MARKED: Hot/Run List deleted by Timeout.,0,2,60654,0
447824,12/03/2017 19:54:37,0,0,6598,67103,DELETED: Hot/Run List deleted by System.,0,2,60654,0
453033,12/04/2017 02:04:09,0,730,6598,65792,RECEIVED: Tag ID.,0,2,60654,0
453034,12/04/2017 02:04:09,0,730,6598,67095,CREATED: Hot/Run List.,0,2,60654,0
453035,12/04/2017 02:04:09,0,730,6598,65794,RECEIVED: Resubmitted Tag ID.,0,2,60654,0
453036,12/04/2017 02:04:09,0,730,6598,68106,"SUCCESS: Dir. ""E"" determined from uni-dir DET#.",0,2,60654,0
453037,12/04/2017 02:04:09,312,730,6598,68111,ISSUED: Start prty(EV# 7).,0,2,60654,0
453038,12/04/2017 02:04:19,0,830,6598,65792,RECEIVED: Tag ID.,0,2,60654,0
453039,12/04/2017 02:04:19,0,830,6598,68098,ERROR: Det ID does not exist along current dir.,0,2,60654,0
453040,12/04/2017 02:04:19,0,830,6598,67097,CHANGED: Run List.,0,2,60654,0
453041,12/04/2017 02:04:19,0,830,6598,65794,RECEIVED: Resubmitted Tag ID.,0,2,60654,0
453042,12/04/2017 02:04:19,0,830,6598,68106,"SUCCESS: Dir. ""W"" determined from uni-dir DET#.",0,2,60654,0
453043,12/04/2017 02:04:19,311,830,6598,68111,ISSUED: Start prty(EV# 13).,0,2,60654,0
453044,12/04/2017 02:04:32,0,828,6598,65792,RECEIVED: Tag ID.,0,2,60654,0
453045,12/04/2017 02:04:32,310,828,6598,68111,ISSUED: Start prty(EV# 9).,0,2,60654,0
453046,12/04/2017 02:04:39,0,726,6598,65792,RECEIVED: Tag ID.,0,2,60654,0
453047,12/04/2017 02:04:39,310,726,6598,68112,ISSUED: Cancel prty(EV# 9).,0,2,60654,0
453048,12/04/2017 02:04:42,0,724,6598,65792,RECEIVED: Tag ID.,0,2,60654,0
453049,12/04/2017 02:04:42,358,724,6598,68111,ISSUED: Start prty(EV# 7).,0,2,60654,0
453050,12/04/2017 02:04:59,0,722,6598,65792,RECEIVED: Tag ID.,0,2,60654,0
453051,12/04/2017 02:04:59,357,722,6598,68111,ISSUED: Start prty(EV# 0).,0,2,60654,0
453054,12/04/2017 02:05:13,0,720,6598,65792,RECEIVED: Tag ID.,0,2,60654,0
453055,12/04/2017 02:05:13,308,720,6598,68111,ISSUED: Start prty(EV# 15).,0,2,60654,0
453056,12/04/2017 02:05:15,0,718,6598,65792,RECEIVED: Tag ID.,0,2,60654,0
453057,12/04/2017 02:05:15,307,718,6598,68111,ISSUED: Start prty(EV# 1).,0,2,60654,0
453058,12/04/2017 02:05:24,0,717,6598,65792,RECEIVED: Tag ID.,0,2,60654,0
453059,12/04/2017 02:05:24,307,717,6598,68112,ISSUED: Cancel prty(EV# 1).,0,2,60654,0
453060,12/04/2017 02:05:31,0,716,6598,65792,RECEIVED: Tag ID.,0,2,60654,0
453061,12/04/2017 02:05:31,306,716,6598,68111,ISSUED: Start prty(EV# 1).,0,2,60654,0
453062,12/04/2017 02:05:34,0,714,6598,65792,RECEIVED: Tag ID.,0,2,60654,0
453063,12/04/2017 02:05:34,0,714,6598,67102,MARKED: Hot/Run List deleted at EOR.,0,2,60654,0
453064,12/04/2017 02:05:35,0,0,6598,67103,DELETED: Hot/Run List deleted by System.,0,2,60654,0
453065,12/04/2017 02:05:55,0,712,6598,65792,RECEIVED: Tag ID.,0,2,60654,0
453066,12/04/2017 02:05:55,0,712,6598,67085,NO MATCH: Route Table.,0,2,60654,0
453067,12/04/2017 02:05:55,0,712,6598,67084,NO MATCH: Foreign Rte Table(Det:712;Sys:2).,0,2,60654,0
453068,12/04/2017 02:06:01,0,711,6598,65792,RECEIVED: Tag ID.,0,2,60654,0
453069,12/04/2017 02:06:01,0,711,6598,67085,NO MATCH: Route Table.,0,2,60654,0
453070,12/04/2017 02:06:01,0,711,6598,67084,NO MATCH: Foreign Rte Table(Det:711;Sys:2).,0,2,60654,0
453607,12/04/2017 04:24:40,0,730,6598,65792,RECEIVED: Tag ID.,0,2,60654,0
453608,12/04/2017 04:24:40,0,730,6598,67095,CREATED: Hot/Run List.,0,2,60654,0
453609,12/04/2017 04:24:40,0,730,6598,65794,RECEIVED: Resubmitted Tag ID.,0,2,60654,0
453610,12/04/2017 04:24:40,0,730,6598,68106,"SUCCESS: Dir. ""E"" determined from uni-dir DET#.",0,2,60654,0
453611,12/04/2017 04:24:40,312,730,6598,68111,ISSUED: Start prty(EV# 8).,0,2,60654,0
453612,12/04/2017 04:24:50,0,830,6598,65792,RECEIVED: Tag ID.,0,2,60654,0
453613,12/04/2017 04:24:50,0,830,6598,68098,ERROR: Det ID does not exist along current dir.,0,2,60654,0
453614,12/04/2017 04:24:50,0,830,6598,67097,CHANGED: Run List.,0,2,60654,0
453615,12/04/2017 04:24:50,0,830,6598,65794,RECEIVED: Resubmitted Tag ID.,0,2,60654,0
453616,12/04/2017 04:24:50,0,830,6598,68106,"SUCCESS: Dir. ""W"" determined from uni-dir DET#.",0,2,60654,0
453617,12/04/2017 04:24:50,311,830,6598,68111,ISSUED: Start prty(EV# 14).,0,2,60654,0
453618,12/04/2017 04:25:03,0,828,6598,65792,RECEIVED: Tag ID.,0,2,60654,0
453619,12/04/2017 04:25:03,310,828,6598,68111,ISSUED: Start prty(EV# 10).,0,2,60654,0
453685,12/04/2017 04:29:01,0,0,6598,67101,MARKED: Hot/Run List deleted by Timeout.,0,2,60654,0
453688,12/04/2017 04:29:06,0,0,6598,67103,DELETED: Hot/Run List deleted by System.,0,2,60654,0
465649,12/04/2017 07:45:47,0,730,6598,65792,RECEIVED: Tag ID.,0,2,60654,0
465650,12/04/2017 07:45:47,0,730,6598,67095,CREATED: Hot/Run List.,0,2,60654,0
465651,12/04/2017 07:45:47,0,730,6598,65794,RECEIVED: Resubmitted Tag ID.,0,2,60654,0
465652,12/04/2017 07:45:47,0,730,6598,68106,"SUCCESS: Dir. ""E"" determined from uni-dir DET#.",0,2,60654,0
465653,12/04/2017 07:45:47,312,730,6598,68111,ISSUED: Start prty(EV# 9).,0,2,60654,0
465669,12/04/2017 07:45:57,0,830,6598,65792,RECEIVED: Tag ID.,0,2,60654,0
465670,12/04/2017 07:45:57,0,830,6598,68098,ERROR: Det ID does not exist along current dir.,0,2,60654,0
465671,12/04/2017 07:45:57,0,830,6598,67097,CHANGED: Run List.,0,2,60654,0
465672,12/04/2017 07:45:57,0,830,6598,65794,RECEIVED: Resubmitted Tag ID.,0,2,60654,0
465673,12/04/2017 07:45:57,0,830,6598,68106,"SUCCESS: Dir. ""W"" determined from uni-dir DET#.",0,2,60654,0
465674,12/04/2017 07:45:57,311,830,6598,68111,ISSUED: Start prty(EV# 15).,0,2,60654,0
466018,12/04/2017 07:49:54,0,0,6598,67101,MARKED: Hot/Run List deleted by Timeout.,0,2,60654,0
466022,12/04/2017 07:49:59,0,0,6598,67103,DELETED: Hot/Run List deleted by System.,0,2,60654,0
489090,12/04/2017 14:53:16,0,730,6598,65792,RECEIVED: Tag ID.,0,2,60654,0
489091,12/04/2017 14:53:16,0,730,6598,67095,CREATED: Hot/Run List.,0,2,60654,0
489092,12/04/2017 14:53:16,0,730,6598,65794,RECEIVED: Resubmitted Tag ID.,0,2,60654,0
489093,12/04/2017 14:53:16,0,730,6598,68106,"SUCCESS: Dir. ""E"" determined from uni-dir DET#.",0,2,60654,0
489094,12/04/2017 14:53:16,312,730,6598,68111,ISSUED: Start prty(EV# 12).,0,2,60654,0
489372,12/04/2017 14:57:15,0,0,6598,67101,MARKED: Hot/Run List deleted by Timeout.,0,2,60654,0
489379,12/04/2017 14:57:20,0,0,6598,67103,DELETED: Hot/Run List deleted by System.,0,2,60654,0
495734,12/04/2017 16:14:53,0,730,6598,65792,RECEIVED: Tag ID.,0,2,60654,0
495735,12/04/2017 16:14:53,0,730,6598,67095,CREATED: Hot/Run List.,0,2,60654,0
495736,12/04/2017 16:14:53,0,730,6598,65794,RECEIVED: Resubmitted Tag ID.,0,2,60654,0
495737,12/04/2017 16:14:53,0,730,6598,68106,"SUCCESS: Dir. ""E"" determined from uni-dir DET#.",0,2,60654,0
495738,12/04/2017 16:14:53,312,730,6598,68111,ISSUED: Start prty(EV# 14).,0,2,60654,0
495752,12/04/2017 16:15:04,0,830,6598,65792,RECEIVED: Tag ID.,0,2,60654,0
495753,12/04/2017 16:15:04,0,830,6598,68098,ERROR: Det ID does not exist along current dir.,0,2,60654,0
495754,12/04/2017 16:15:04,0,830,6598,67097,CHANGED: Run List.,0,2,60654,0
495755,12/04/2017 16:15:04,0,830,6598,65794,RECEIVED: Resubmitted Tag ID.,0,2,60654,0
495756,12/04/2017 16:15:04,0,830,6598,68106,"SUCCESS: Dir. ""W"" determined from uni-dir DET#.",0,2,60654,0
495757,12/04/2017 16:15:04,311,830,6598,68111,ISSUED: Start prty(EV# 2).,0,2,60654,0
495808,12/04/2017 16:15:34,0,828,6598,65792,RECEIVED: Tag ID.,0,2,60654,0
495809,12/04/2017 16:15:34,310,828,6598,68111,ISSUED: Start prty(EV# 12).,0,2,60654,0
496106,12/04/2017 16:19:30,0,0,6598,67101,MARKED: Hot/Run List deleted by Timeout.,0,2,60654,0
496109,12/04/2017 16:19:35,0,0,6598,67103,DELETED: Hot/Run List deleted by System.,0,2,60654,0
508055,12/04/2017 19:14:26,0,733,6598,65792,RECEIVED: Tag ID.,0,2,60654,0
508056,12/04/2017 19:14:26,0,733,6598,67095,CREATED: Hot/Run List.,0,2,60654,0
508057,12/04/2017 19:14:26,0,733,6598,65794,RECEIVED: Resubmitted Tag ID.,0,2,60654,0
508058,12/04/2017 19:14:26,0,733,6598,68106,"SUCCESS: Dir. ""W"" determined from uni-dir DET#.",0,2,60654,0
508059,12/04/2017 19:14:26,312,733,6598,68111,ISSUED: Start prty(EV# 0).,0,2,60654,0
508082,12/04/2017 19:14:59,0,734,6598,65792,RECEIVED: Tag ID.,0,2,60654,0
508083,12/04/2017 19:14:59,0,734,6598,68098,ERROR: Det ID does not exist along current dir.,0,2,60654,0
508084,12/04/2017 19:14:59,0,734,6598,67097,CHANGED: Run List.,0,2,60654,0
508085,12/04/2017 19:14:59,0,734,6598,65794,RECEIVED: Resubmitted Tag ID.,0,2,60654,0
508086,12/04/2017 19:14:59,0,734,6598,68106,"SUCCESS: Dir. ""E"" determined from uni-dir DET#.",0,2,60654,0
508087,12/04/2017 19:14:59,314,734,6598,68111,ISSUED: Start prty(EV# 15).,0,2,60654,0
508125,12/04/2017 19:15:28,0,737,6598,65792,RECEIVED: Tag ID.,0,2,60654,0
508126,12/04/2017 19:15:28,0,737,6598,68098,ERROR: Det ID does not exist along current dir.,0,2,60654,0
508127,12/04/2017 19:15:28,0,737,6598,67097,CHANGED: Run List.,0,2,60654,0
508128,12/04/2017 19:15:28,0,737,6598,65794,RECEIVED: Resubmitted Tag ID.,0,2,60654,0
508129,12/04/2017 19:15:28,0,737,6598,68107,"SUCCESS: Dir. ""W"" determined at end point.",0,2,60654,0
508130,12/04/2017 19:15:28,313,737,6598,68111,ISSUED: Start prty(EV# 12).,0,2,60654,0
508156,12/04/2017 19:15:51,0,738,6598,65792,RECEIVED: Tag ID.,0,2,60654,0
508157,12/04/2017 19:15:51,0,738,6598,68098,ERROR: Det ID does not exist along current dir.,0,2,60654,0
508158,12/04/2017 19:15:51,0,738,6598,67085,NO MATCH: Route Table.,0,2,60654,0
508159,12/04/2017 19:15:51,0,738,6598,67084,NO MATCH: Foreign Rte Table(Det:738;Sys:2).,0,2,60654,0
508162,12/04/2017 19:15:53,0,738,6598,65792,RECEIVED: Tag ID.,0,2,60654,0
508163,12/04/2017 19:15:53,0,738,6598,68110,IGNORED: Det ID. repeated.,0,2,60654,0
508172,12/04/2017 19:15:55,0,738,6598,65792,RECEIVED: Tag ID.,0,2,60654,0
508173,12/04/2017 19:15:55,0,738,6598,68110,IGNORED: Det ID. repeated.,0,2,60654,0
508200,12/04/2017 19:16:26,0,742,6598,65792,RECEIVED: Tag ID.,0,2,60654,0
508201,12/04/2017 19:16:26,0,742,6598,68098,ERROR: Det ID does not exist along current dir.,0,2,60654,0
508202,12/04/2017 19:16:26,0,742,6598,67085,NO MATCH: Route Table.,0,2,60654,0
508203,12/04/2017 19:16:26,0,742,6598,67084,NO MATCH: Foreign Rte Table(Det:742;Sys:2).,0,2,60654,0
508211,12/04/2017 19:16:41,0,743,6598,65792,RECEIVED: Tag ID.,0,2,60654,0
508212,12/04/2017 19:16:41,0,743,6598,68098,ERROR: Det ID does not exist along current dir.,0,2,60654,0
508213,12/04/2017 19:16:41,0,743,6598,67085,NO MATCH: Route Table.,0,2,60654,0
508214,12/04/2017 19:16:41,0,743,6598,67084,NO MATCH: Foreign Rte Table(Det:743;Sys:2).,0,2,60654,0
508387,12/04/2017 19:20:37,0,0,6598,67101,MARKED: Hot/Run List deleted by Timeout.,0,2,60654,0
508391,12/04/2017 19:20:42,0,0,6598,67103,DELETED: Hot/Run List deleted by System.,0,2,60654,0
544403,12/05/2017 10:41:46,0,730,6598,65792,RECEIVED: Tag ID.,0,2,60654,0
544404,12/05/2017 10:41:46,0,730,6598,67095,CREATED: Hot/Run List.,0,2,60654,0
544405,12/05/2017 10:41:46,0,730,6598,65794,RECEIVED: Resubmitted Tag ID.,0,2,60654,0
544406,12/05/2017 10:41:46,0,730,6598,68106,"SUCCESS: Dir. ""E"" determined from uni-dir DET#.",0,2,60654,0
544407,12/05/2017 10:41:46,312,730,6598,68111,ISSUED: Start prty(EV# 3).,0,2,60654,0
544416,12/05/2017 10:41:59,0,830,6598,65792,RECEIVED: Tag ID.,0,2,60654,0
544417,12/05/2017 10:41:59,0,830,6598,68098,ERROR: Det ID does not exist along current dir.,0,2,60654,0
544418,12/05/2017 10:41:59,0,830,6598,67097,CHANGED: Run List.,0,2,60654,0
544419,12/05/2017 10:41:59,0,830,6598,65794,RECEIVED: Resubmitted Tag ID.,0,2,60654,0
544420,12/05/2017 10:41:59,0,830,6598,68106,"SUCCESS: Dir. ""W"" determined from uni-dir DET#.",0,2,60654,0
544421,12/05/2017 10:41:59,311,830,6598,68111,ISSUED: Start prty(EV# 5).,0,2,60654,0
544429,12/05/2017 10:42:13,0,828,6598,65792,RECEIVED: Tag ID.,0,2,60654,0
544430,12/05/2017 10:42:13,310,828,6598,68111,ISSUED: Start prty(EV# 15).,0,2,60654,0
544433,12/05/2017 10:42:20,0,726,6598,65792,RECEIVED: Tag ID.,0,2,60654,0
544434,12/05/2017 10:42:20,310,726,6598,68112,ISSUED: Cancel prty(EV# 15).,0,2,60654,0
544440,12/05/2017 10:42:23,0,724,6598,65792,RECEIVED: Tag ID.,0,2,60654,0
544441,12/05/2017 10:42:23,358,724,6598,68111,ISSUED: Start prty(EV# 13).,0,2,60654,0
544452,12/05/2017 10:42:40,0,722,6598,65792,RECEIVED: Tag ID.,0,2,60654,0
544453,12/05/2017 10:42:40,357,722,6598,68111,ISSUED: Start prty(EV# 6).,0,2,60654,0
544467,12/05/2017 10:42:57,0,720,6598,65792,RECEIVED: Tag ID.,0,2,60654,0
544468,12/05/2017 10:42:57,308,720,6598,68111,ISSUED: Start prty(EV# 5).,0,2,60654,0
544471,12/05/2017 10:43:00,0,718,6598,65792,RECEIVED: Tag ID.,0,2,60654,0
544472,12/05/2017 10:43:00,307,718,6598,68111,ISSUED: Start prty(EV# 8).,0,2,60654,0
544476,12/05/2017 10:43:10,0,717,6598,65792,RECEIVED: Tag ID.,0,2,60654,0
544477,12/05/2017 10:43:10,307,717,6598,68112,ISSUED: Cancel prty(EV# 8).,0,2,60654,0
544492,12/05/2017 10:43:21,0,716,6598,65792,RECEIVED: Tag ID.,0,2,60654,0
544493,12/05/2017 10:43:21,306,716,6598,68111,ISSUED: Start prty(EV# 7).,0,2,60654,0
544506,12/05/2017 10:43:32,0,714,6598,65792,RECEIVED: Tag ID.,0,2,60654,0
544507,12/05/2017 10:43:32,0,714,6598,67102,MARKED: Hot/Run List deleted at EOR.,0,2,60654,0
544511,12/05/2017 10:43:35,0,0,6598,67103,DELETED: Hot/Run List deleted by System.,0,2,60654,0
544512,12/05/2017 10:43:40,0,715,6598,65792,RECEIVED: Tag ID.,0,2,60654,0
544513,12/05/2017 10:43:40,0,715,6598,67095,CREATED: Hot/Run List.,0,2,60654,0
544514,12/05/2017 10:43:40,0,715,6598,65794,RECEIVED: Resubmitted Tag ID.,0,2,60654,0
544515,12/05/2017 10:43:40,0,715,6598,68106,"SUCCESS: Dir. ""E"" determined from uni-dir DET#.",0,2,60654,0
544516,12/05/2017 10:43:40,307,715,6598,68111,ISSUED: Start prty(EV# 9).,0,2,60654,0
544732,12/05/2017 10:47:39,0,0,6598,67101,MARKED: Hot/Run List deleted by Timeout.,0,2,60654,0
544737,12/05/2017 10:47:44,0,0,6598,67103,DELETED: Hot/Run List deleted by System.,0,2,60654,0
546985,12/05/2017 11:31:32,0,730,6598,65792,RECEIVED: Tag ID.,0,2,60654,0
546986,12/05/2017 11:31:32,0,730,6598,67095,CREATED: Hot/Run List.,0,2,60654,0
546987,12/05/2017 11:31:32,0,730,6598,65794,RECEIVED: Resubmitted Tag ID.,0,2,60654,0
546988,12/05/2017 11:31:32,0,730,6598,68106,"SUCCESS: Dir. ""E"" determined from uni-dir DET#.",0,2,60654,0
546989,12/05/2017 11:31:32,312,730,6598,68111,ISSUED: Start prty(EV# 4).,0,2,60654,0
546993,12/05/2017 11:31:43,0,830,6598,65792,RECEIVED: Tag ID.,0,2,60654,0
546994,12/05/2017 11:31:43,0,830,6598,68098,ERROR: Det ID does not exist along current dir.,0,2,60654,0
546995,12/05/2017 11:31:43,0,830,6598,67097,CHANGED: Run List.,0,2,60654,0
546996,12/05/2017 11:31:43,0,830,6598,65794,RECEIVED: Resubmitted Tag ID.,0,2,60654,0
546997,12/05/2017 11:31:43,0,830,6598,68106,"SUCCESS: Dir. ""W"" determined from uni-dir DET#.",0,2,60654,0
546998,12/05/2017 11:31:43,311,830,6598,68111,ISSUED: Start prty(EV# 6).,0,2,60654,0
547021,12/05/2017 11:32:06,0,828,6598,65792,RECEIVED: Tag ID.,0,2,60654,0
547022,12/05/2017 11:32:06,310,828,6598,68111,ISSUED: Start prty(EV# 0).,0,2,60654,0
547043,12/05/2017 11:32:29,0,726,6598,65792,RECEIVED: Tag ID.,0,2,60654,0
547044,12/05/2017 11:32:29,310,726,6598,68112,ISSUED: Cancel prty(EV# 0).,0,2,60654,0
547048,12/05/2017 11:32:33,0,724,6598,65792,RECEIVED: Tag ID.,0,2,60654,0
547049,12/05/2017 11:32:33,358,724,6598,68111,ISSUED: Start prty(EV# 14).,0,2,60654,0
547066,12/05/2017 11:32:59,0,722,6598,65792,RECEIVED: Tag ID.,0,2,60654,0
547067,12/05/2017 11:32:59,357,722,6598,68111,ISSUED: Start prty(EV# 7).,0,2,60654,0
547085,12/05/2017 11:33:25,0,720,6598,65792,RECEIVED: Tag ID.,0,2,60654,0
547086,12/05/2017 11:33:25,308,720,6598,68111,ISSUED: Start prty(EV# 6).,0,2,60654,0
547087,12/05/2017 11:33:34,0,718,6598,65792,RECEIVED: Tag ID.,0,2,60654,0
547088,12/05/2017 11:33:34,307,718,6598,68111,ISSUED: Start prty(EV# 10).,0,2,60654,0
547103,12/05/2017 11:33:47,0,717,6598,65792,RECEIVED: Tag ID.,0,2,60654,0
547104,12/05/2017 11:33:47,307,717,6598,68112,ISSUED: Cancel prty(EV# 10).,0,2,60654,0
547114,12/05/2017 11:33:56,0,716,6598,65792,RECEIVED: Tag ID.,0,2,60654,0
547115,12/05/2017 11:33:56,306,716,6598,68111,ISSUED: Start prty(EV# 8).,0,2,60654,0
547121,12/05/2017 11:34:04,0,714,6598,65792,RECEIVED: Tag ID.,0,2,60654,0
547122,12/05/2017 11:34:04,0,714,6598,67102,MARKED: Hot/Run List deleted at EOR.,0,2,60654,0
547132,12/05/2017 11:34:08,0,0,6598,67103,DELETED: Hot/Run List deleted by System.,0,2,60654,0
547152,12/05/2017 11:34:34,0,712,6598,65792,RECEIVED: Tag ID.,0,2,60654,0
547153,12/05/2017 11:34:34,0,712,6598,67085,NO MATCH: Route Table.,0,2,60654,0
547154,12/05/2017 11:34:34,0,712,6598,67084,NO MATCH: Foreign Rte Table(Det:712;Sys:2).,0,2,60654,0
547158,12/05/2017 11:34:44,0,711,6598,65792,RECEIVED: Tag ID.,0,2,60654,0
547159,12/05/2017 11:34:44,0,711,6598,67085,NO MATCH: Route Table.,0,2,60654,0
547160,12/05/2017 11:34:44,0,711,6598,67084,NO MATCH: Foreign Rte Table(Det:711;Sys:2).,0,2,60654,0
557532,12/05/2017 14:56:54,0,730,6598,65792,RECEIVED: Tag ID.,0,2,60654,0
557533,12/05/2017 14:56:54,0,730,6598,67095,CREATED: Hot/Run List.,0,2,60654,0
557534,12/05/2017 14:56:54,0,730,6598,65794,RECEIVED: Resubmitted Tag ID.,0,2,60654,0
557535,12/05/2017 14:56:54,0,730,6598,68106,"SUCCESS: Dir. ""E"" determined from uni-dir DET#.",0,2,60654,0
557536,12/05/2017 14:56:54,312,730,6598,68111,ISSUED: Start prty(EV# 7).,0,2,60654,0
557541,12/05/2017 14:57:06,0,830,6598,65792,RECEIVED: Tag ID.,0,2,60654,0
557542,12/05/2017 14:57:06,0,830,6598,68098,ERROR: Det ID does not exist along current dir.,0,2,60654,0
557543,12/05/2017 14:57:06,0,830,6598,67097,CHANGED: Run List.,0,2,60654,0
557544,12/05/2017 14:57:06,0,830,6598,65794,RECEIVED: Resubmitted Tag ID.,0,2,60654,0
557545,12/05/2017 14:57:06,0,830,6598,68106,"SUCCESS: Dir. ""W"" determined from uni-dir DET#.",0,2,60654,0
557546,12/05/2017 14:57:06,311,830,6598,68111,ISSUED: Start prty(EV# 8).,0,2,60654,0
557587,12/05/2017 14:57:29,0,828,6598,65792,RECEIVED: Tag ID.,0,2,60654,0
557588,12/05/2017 14:57:29,310,828,6598,68111,ISSUED: Start prty(EV# 1).,0,2,60654,0
557619,12/05/2017 14:58:00,0,726,6598,65792,RECEIVED: Tag ID.,0,2,60654,0
557620,12/05/2017 14:58:00,310,726,6598,68112,ISSUED: Cancel prty(EV# 1).,0,2,60654,0
557629,12/05/2017 14:58:04,0,724,6598,65792,RECEIVED: Tag ID.,0,2,60654,0
557630,12/05/2017 14:58:04,358,724,6598,68111,ISSUED: Start prty(EV# 1).,0,2,60654,0
557675,12/05/2017 14:58:32,0,722,6598,65792,RECEIVED: Tag ID.,0,2,60654,0
557676,12/05/2017 14:58:32,357,722,6598,68111,ISSUED: Start prty(EV# 9).,0,2,60654,0
557707,12/05/2017 14:58:53,0,720,6598,65792,RECEIVED: Tag ID.,0,2,60654,0
557708,12/05/2017 14:58:53,308,720,6598,68111,ISSUED: Start prty(EV# 8).,0,2,60654,0
557714,12/05/2017 14:58:56,0,718,6598,65792,RECEIVED: Tag ID.,0,2,60654,0
557715,12/05/2017 14:58:56,307,718,6598,68111,ISSUED: Start prty(EV# 13).,0,2,60654,0
557740,12/05/2017 14:59:07,0,717,6598,65792,RECEIVED: Tag ID.,0,2,60654,0
557741,12/05/2017 14:59:07,307,717,6598,68112,ISSUED: Cancel prty(EV# 13).,0,2,60654,0
557748,12/05/2017 14:59:18,0,716,6598,65792,RECEIVED: Tag ID.,0,2,60654,0
557749,12/05/2017 14:59:18,306,716,6598,68111,ISSUED: Start prty(EV# 10).,0,2,60654,0
557767,12/05/2017 14:59:29,0,714,6598,65792,RECEIVED: Tag ID.,0,2,60654,0
557768,12/05/2017 14:59:29,0,714,6598,67102,MARKED: Hot/Run List deleted at EOR.,0,2,60654,0
557769,12/05/2017 14:59:30,0,0,6598,67103,DELETED: Hot/Run List deleted by System.,0,2,60654,0
557833,12/05/2017 15:00:01,0,712,6598,65792,RECEIVED: Tag ID.,0,2,60654,0
557834,12/05/2017 15:00:01,0,712,6598,67085,NO MATCH: Route Table.,0,2,60654,0
557835,12/05/2017 15:00:01,0,712,6598,67084,NO MATCH: Foreign Rte Table(Det:712;Sys:2).,0,2,60654,0
557848,12/05/2017 15:00:10,0,711,6598,65792,RECEIVED: Tag ID.,0,2,60654,0
557849,12/05/2017 15:00:10,0,711,6598,67085,NO MATCH: Route Table.,0,2,60654,0
557850,12/05/2017 15:00:10,0,711,6598,67084,NO MATCH: Foreign Rte Table(Det:711;Sys:2).,0,2,60654,0
569180,12/05/2017 17:04:20,0,733,6598,65792,RECEIVED: Tag ID.,0,2,60654,0
569181,12/05/2017 17:04:20,0,733,6598,67095,CREATED: Hot/Run List.,0,2,60654,0
569182,12/05/2017 17:04:20,0,733,6598,65794,RECEIVED: Resubmitted Tag ID.,0,2,60654,0
569183,12/05/2017 17:04:20,0,733,6598,68106,"SUCCESS: Dir. ""W"" determined from uni-dir DET#.",0,2,60654,0
569184,12/05/2017 17:04:20,312,733,6598,68111,ISSUED: Start prty(EV# 9).,0,2,60654,0
569487,12/05/2017 17:08:18,0,0,6598,67101,MARKED: Hot/Run List deleted by Timeout.,0,2,60654,0
569495,12/05/2017 17:08:23,0,0,6598,67103,DELETED: Hot/Run List deleted by System.,0,2,60654,0
590608,12/06/2017 05:28:11,0,730,6598,65792,RECEIVED: Tag ID.,0,2,60654,0
590609,12/06/2017 05:28:11,0,730,6598,67095,CREATED: Hot/Run List.,0,2,60654,0
590610,12/06/2017 05:28:11,0,730,6598,65794,RECEIVED: Resubmitted Tag ID.,0,2,60654,0
590611,12/06/2017 05:28:11,0,730,6598,68106,"SUCCESS: Dir. ""E"" determined from uni-dir DET#.",0,2,60654,0
590612,12/06/2017 05:28:11,312,730,6598,68111,ISSUED: Start prty(EV# 10).,0,2,60654,0
590615,12/06/2017 05:28:21,0,830,6598,65792,RECEIVED: Tag ID.,0,2,60654,0
590616,12/06/2017 05:28:21,0,830,6598,68098,ERROR: Det ID does not exist along current dir.,0,2,60654,0
590617,12/06/2017 05:28:21,0,830,6598,67097,CHANGED: Run List.,0,2,60654,0
590618,12/06/2017 05:28:21,0,830,6598,65794,RECEIVED: Resubmitted Tag ID.,0,2,60654,0
590619,12/06/2017 05:28:21,0,830,6598,68106,"SUCCESS: Dir. ""W"" determined from uni-dir DET#.",0,2,60654,0
590620,12/06/2017 05:28:21,311,830,6598,68111,ISSUED: Start prty(EV# 9).,0,2,60654,0
590638,12/06/2017 05:28:35,0,828,6598,65792,RECEIVED: Tag ID.,0,2,60654,0
590639,12/06/2017 05:28:35,310,828,6598,68111,ISSUED: Start prty(EV# 2).,0,2,60654,0
590829,12/06/2017 05:32:32,0,0,6598,67101,MARKED: Hot/Run List deleted by Timeout.,0,2,60654,0
590836,12/06/2017 05:32:37,0,0,6598,67103,DELETED: Hot/Run List deleted by System.,0,2,60654,0
698234,12/07/2017 13:37:25,0,733,6598,65792,RECEIVED: Tag ID.,0,2,60654,0
698235,12/07/2017 13:37:25,0,733,6598,67095,CREATED: Hot/Run List.,0,2,60654,0
698236,12/07/2017 13:37:25,0,733,6598,65794,RECEIVED: Resubmitted Tag ID.,0,2,60654,0
698237,12/07/2017 13:37:25,0,733,6598,68106,"SUCCESS: Dir. ""W"" determined from uni-dir DET#.",0,2,60654,0
698238,12/07/2017 13:37:25,312,733,6598,68111,ISSUED: Start prty(EV# 13).,0,2,60654,0
698431,12/07/2017 13:41:25,0,0,6598,67101,MARKED: Hot/Run List deleted by Timeout.,0,2,60654,0
698438,12/07/2017 13:41:30,0,0,6598,67103,DELETED: Hot/Run List deleted by System.,0,2,60654,0
701706,12/07/2017 14:38:09,0,730,6598,65792,RECEIVED: Tag ID.,0,2,60654,0
701707,12/07/2017 14:38:09,0,730,6598,67095,CREATED: Hot/Run List.,0,2,60654,0
701708,12/07/2017 14:38:09,0,730,6598,65794,RECEIVED: Resubmitted Tag ID.,0,2,60654,0
701709,12/07/2017 14:38:09,0,730,6598,68106,"SUCCESS: Dir. ""E"" determined from uni-dir DET#.",0,2,60654,0
701710,12/07/2017 14:38:09,312,730,6598,68111,ISSUED: Start prty(EV# 14).,0,2,60654,0
701722,12/07/2017 14:38:22,0,830,6598,65792,RECEIVED: Tag ID.,0,2,60654,0
701723,12/07/2017 14:38:22,0,830,6598,68098,ERROR: Det ID does not exist along current dir.,0,2,60654,0
701724,12/07/2017 14:38:22,0,830,6598,67097,CHANGED: Run List.,0,2,60654,0
701725,12/07/2017 14:38:22,0,830,6598,65794,RECEIVED: Resubmitted Tag ID.,0,2,60654,0
701726,12/07/2017 14:38:22,0,830,6598,68106,"SUCCESS: Dir. ""W"" determined from uni-dir DET#.",0,2,60654,0
701727,12/07/2017 14:38:22,311,830,6598,68111,ISSUED: Start prty(EV# 11).,0,2,60654,0
701781,12/07/2017 14:39:03,0,726,6598,65792,RECEIVED: Tag ID.,0,2,60654,0
701782,12/07/2017 14:39:03,310,726,6598,68114,IGNORED: No start prty found.,0,2,60654,0
701789,12/07/2017 14:39:08,0,724,6598,65792,RECEIVED: Tag ID.,0,2,60654,0
701790,12/07/2017 14:39:08,358,724,6598,68111,ISSUED: Start prty(EV# 3).,0,2,60654,0
701813,12/07/2017 14:39:36,0,722,6598,65792,RECEIVED: Tag ID.,0,2,60654,0
701814,12/07/2017 14:39:36,357,722,6598,68111,ISSUED: Start prty(EV# 11).,0,2,60654,0
701840,12/07/2017 14:40:02,0,720,6598,65792,RECEIVED: Tag ID.,0,2,60654,0
701841,12/07/2017 14:40:02,308,720,6598,68111,ISSUED: Start prty(EV# 10).,0,2,60654,0
701844,12/07/2017 14:40:09,0,718,6598,65792,RECEIVED: Tag ID.,0,2,60654,0
701845,12/07/2017 14:40:09,307,718,6598,68111,ISSUED: Start prty(EV# 15).,0,2,60654,0
701860,12/07/2017 14:40:22,0,717,6598,65792,RECEIVED: Tag ID.,0,2,60654,0
701861,12/07/2017 14:40:22,307,717,6598,68112,ISSUED: Cancel prty(EV# 15).,0,2,60654,0
701870,12/07/2017 14:40:32,0,716,6598,65792,RECEIVED: Tag ID.,0,2,60654,0
701871,12/07/2017 14:40:32,306,716,6598,68111,ISSUED: Start prty(EV# 12).,0,2,60654,0
701881,12/07/2017 14:40:40,0,714,6598,65792,RECEIVED: Tag ID.,0,2,60654,0
701882,12/07/2017 14:40:40,0,714,6598,67102,MARKED: Hot/Run List deleted at EOR.,0,2,60654,0
701887,12/07/2017 14:40:42,0,0,6598,67103,DELETED: Hot/Run List deleted by System.,0,2,60654,0
701897,12/07/2017 14:40:50,0,715,6598,65792,RECEIVED: Tag ID.,0,2,60654,0
701898,12/07/2017 14:40:50,0,715,6598,67095,CREATED: Hot/Run List.,0,2,60654,0
701899,12/07/2017 14:40:50,0,715,6598,65794,RECEIVED: Resubmitted Tag ID.,0,2,60654,0
701900,12/07/2017 14:40:50,0,715,6598,68106,"SUCCESS: Dir. ""E"" determined from uni-dir DET#.",0,2,60654,0
701901,12/07/2017 14:40:50,307,715,6598,68111,ISSUED: Start prty(EV# 0).,0,2,60654,0
702193,12/07/2017 14:44:47,0,0,6598,67101,MARKED: Hot/Run List deleted by Timeout.,0,2,60654,0
702198,12/07/2017 14:44:51,0,0,6598,67103,DELETED: Hot/Run List deleted by System.,0,2,60654,0
750038,12/08/2017 08:30:42,0,733,6598,65792,RECEIVED: Tag ID.,0,2,60654,0
750039,12/08/2017 08:30:42,0,733,6598,67095,CREATED: Hot/Run List.,0,2,60654,0
750040,12/08/2017 08:30:42,0,733,6598,65794,RECEIVED: Resubmitted Tag ID.,0,2,60654,0
750041,12/08/2017 08:30:42,0,733,6598,68106,"SUCCESS: Dir. ""W"" determined from uni-dir DET#.",0,2,60654,0
750042,12/08/2017 08:30:42,312,733,6598,68111,ISSUED: Start prty(EV# 1).,0,2,60654,0
750115,12/08/2017 08:31:24,0,734,6598,65792,RECEIVED: Tag ID.,0,2,60654,0
750116,12/08/2017 08:31:24,0,734,6598,68098,ERROR: Det ID does not exist along current dir.,0,2,60654,0
750117,12/08/2017 08:31:24,0,734,6598,67097,CHANGED: Run List.,0,2,60654,0
750118,12/08/2017 08:31:24,0,734,6598,65794,RECEIVED: Resubmitted Tag ID.,0,2,60654,0
750119,12/08/2017 08:31:24,0,734,6598,68106,"SUCCESS: Dir. ""E"" determined from uni-dir DET#.",0,2,60654,0
750120,12/08/2017 08:31:24,314,734,6598,68111,ISSUED: Start prty(EV# 4).,0,2,60654,0
750474,12/08/2017 08:35:20,0,0,6598,67101,MARKED: Hot/Run List deleted by Timeout.,0,2,60654,0
750483,12/08/2017 08:35:25,0,0,6598,67103,DELETED: Hot/Run List deleted by System.,0,2,60654,0
